fips,state_abbr,county_name,smoking_rate,inactivity_rate,obesity_rate
01001,AL,Autauga,14.5,27.0,39.5
01003,AL,Baldwin,13.0,23.7,35.0
01005,AL,Barbour,20.2,34.5,47.1
01007,AL,Bibb,19.7,31.9,43.9
01009,AL,Blount,16.6,29.1,36.1
01011,AL,Bullock,24.9,42.7,51.3
01013,AL,Butler,18.3,35.1,40.4
01015,AL,Calhoun,16.3,31.9,38.6
01017,AL,Chambers,18.2,34.3,41.6
01019,AL,Cherokee,17.5,31.4,39.5
01021,AL,Chilton,17.1,31.1,40.0
01023,AL,Choctaw,19.1,36.4,44.4
01025,AL,Clarke,18.3,34.4,43.9
01027,AL,Clay,18.7,32.7,42.4
01029,AL,Cleburne,17.8,28.7,37.1
01031,AL,Coffee,16.7,28.8,41.0
01033,AL,Colbert,16.6,28.6,37.5
01035,AL,Conecuh,20.5,39.4,46.4
01037,AL,Coosa,18.3,33.5,41.9
01039,AL,Covington,18.3,31.9,38.1
01041,AL,Crenshaw,18.1,30.9,40.5
01043,AL,Cullman,16.6,25.9,36.4
01045,AL,Dale,18.0,31.7,41.3
01047,AL,Dallas,20.1,36.1,46.3
01049,AL,DeKalb,19.9,32.6,38.6
01051,AL,Elmore,15.1,25.4,38.7
01053,AL,Escambia,21.2,35.7,43.9
01055,AL,Etowah,18.1,31.7,43.6
01057,AL,Fayette,18.7,30.6,40.6
01059,AL,Franklin,19.5,33.9,42.2
01061,AL,Geneva,19.4,32.0,42.3
01063,AL,Greene,22.3,44.7,53.4
01065,AL,Hale,19.5,34.4,47.8
01067,AL,Henry,16.6,29.1,41.2
01069,AL,Houston,16.3,27.7,40.5
01071,AL,Jackson,19.4,32.5,39.3
01073,AL,Jefferson,14.1,27.4,37.6
01075,AL,Lamar,19.5,30.0,40.8
01077,AL,Lauderdale,14.2,25.8,36.7
01079,AL,Lawrence,18.5,29.4,39.5
01081,AL,Lee,13.8,25.7,39.9
01083,AL,Limestone,14.2,25.4,39.6
01085,AL,Lowndes,21.6,39.3,51.2
01087,AL,Macon,17.9,35.2,46.7
01089,AL,Madison,12.0,22.7,39.9
01091,AL,Marengo,18.0,34.6,43.1
01093,AL,Marion,18.5,30.1,42.5
01095,AL,Marshall,16.6,29.7,37.6
01097,AL,Mobile,15.4,30.7,39.0
01099,AL,Monroe,20.4,36.8,43.8
01101,AL,Montgomery,14.8,29.9,46.1
01103,AL,Morgan,16.3,29.8,38.6
01105,AL,Perry,21.9,42.1,54.0
01107,AL,Pickens,18.7,33.4,48.0
01109,AL,Pike,17.2,29.2,43.3
01111,AL,Randolph,16.9,30.0,38.0
01113,AL,Russell,18.1,33.2,43.0
01115,AL,St. Clair,15.2,26.3,39.6
01117,AL,Shelby,10.5,20.7,31.6
01119,AL,Sumter,16.3,35.7,50.0
01121,AL,Talladega,17.7,32.6,45.4
01123,AL,Tallapoosa,16.9,30.0,39.6
01125,AL,Tuscaloosa,13.6,25.9,41.0
01127,AL,Walker,18.9,30.6,35.7
01129,AL,Washington,17.9,29.9,41.1
01131,AL,Wilcox,21.6,39.1,51.2
01133,AL,Winston,19.6,31.8,39.0
02013,AK,Aleutians East,17.0,28.5,30.7
02016,AK,Aleutians West,16.2,25.2,31.9
02020,AK,Anchorage,14.1,19.8,35.0
02050,AK,Bethel,31.0,33.3,39.1
02060,AK,Bristol Bay,16.5,20.7,34.5
02063,AK,Chugach,14.7,20.2,30.7
02066,AK,Copper River,17.8,21.7,33.6
02068,AK,Denali,16.3,20.9,31.3
02070,AK,Dillingham,25.7,29.3,38.5
02090,AK,Fairbanks North Star,14.3,21.2,35.3
02100,AK,Haines,13.8,20.1,33.3
02105,AK,Hoonah-Angoon,19.7,24.3,36.4
02110,AK,Juneau,13.9,17.0,35.0
02122,AK,Kenai Peninsula,16.2,21.5,32.0
02130,AK,Ketchikan Gateway,15.9,21.0,37.7
02150,AK,Kodiak Island,15.0,22.7,31.5
02158,AK,Kusilvak,36.6,38.5,46.5
02164,AK,Lake and Peninsula,24.7,28.7,38.6
02170,AK,Matanuska-Susitna,17.3,22.7,37.0
02180,AK,Nome,28.7,29.3,38.8
02185,AK,North Slope,19.9,23.6,42.3
02188,AK,Northwest Arctic,28.6,30.8,40.9
02195,AK,Petersburg,15.3,20.4,30.8
02198,AK,Prince of Wales-Hyder,22.0,25.1,37.7
02220,AK,Sitka,13.9,19.2,29.7
02230,AK,Skagway,14.6,20.8,36.2
02240,AK,Southeast Fairbanks,18.0,25.8,35.0
02275,AK,Wrangell,17.0,24.6,35.0
02282,AK,Yakutat,20.5,25.2,35.4
02290,AK,Yukon-Koyukuk,27.5,29.4,36.9
04001,AZ,Apache,23.1,27.8,36.0
04003,AZ,Cochise,13.4,24.2,31.2
04005,AZ,Coconino,12.9,16.8,25.3
04007,AZ,Gila,15.4,27.4,32.2
04009,AZ,Graham,15.5,25.6,36.3
04011,AZ,Greenlee,11.6,23.1,33.1
04012,AZ,La Paz,14.1,32.1,36.1
04013,AZ,Maricopa,11.0,20.4,30.6
04015,AZ,Mohave,17.1,26.6,33.3
04017,AZ,Navajo,19.5,26.4,37.9
04019,AZ,Pima,11.3,22.3,32.2
04021,AZ,Pinal,12.7,25.5,38.4
04023,AZ,Santa Cruz,12.0,31.4,34.8
04025,AZ,Yavapai,12.0,22.5,27.0
04027,AZ,Yuma,12.7,28.5,39.0
05001,AR,Arkansas,17.6,33.7,39.0
05003,AR,Ashley,20.7,41.9,45.2
05005,AR,Baxter,16.6,33.4,37.7
05007,AR,Benton,11.7,25.7,35.3
05009,AR,Boone,16.4,30.8,40.7
05011,AR,Bradley,18.9,40.3,42.5
05013,AR,Calhoun,16.6,31.5,39.2
05015,AR,Carroll,17.0,34.5,37.7
05017,AR,Chicot,19.7,42.2,47.1
05019,AR,Clark,17.4,32.1,40.0
05021,AR,Clay,18.3,35.8,40.2
05023,AR,Cleburne,17.4,34.6,37.9
05025,AR,Cleveland,18.2,32.4,42.2
05027,AR,Columbia,18.0,34.6,39.9
05029,AR,Conway,18.8,36.5,41.1
05031,AR,Craighead,16.2,30.9,39.6
05033,AR,Crawford,17.1,29.9,38.8
05035,AR,Crittenden,18.5,38.7,46.8
05037,AR,Cross,19.8,36.9,45.0
05039,AR,Dallas,16.3,37.8,41.9
05041,AR,Desha,23.0,44.3,46.6
05043,AR,Drew,18.6,35.8,43.8
05045,AR,Faulkner,13.6,26.6,39.8
05047,AR,Franklin,19.5,35.5,39.8
05049,AR,Fulton,21.4,37.8,39.6
05051,AR,Garland,15.5,28.3,39.1
05053,AR,Grant,15.6,29.6,36.6
05055,AR,Greene,18.5,35.0,42.3
05057,AR,Hempstead,17.7,39.7,45.6
05059,AR,Hot Spring,18.6,34.4,36.9
05061,AR,Howard,17.1,34.4,39.4
05063,AR,Independence,17.8,34.1,41.6
05065,AR,Izard,20.5,37.3,41.2
05067,AR,Jackson,21.1,39.5,43.9
05069,AR,Jefferson,17.3,37.0,46.3
05071,AR,Johnson,18.7,35.7,37.5
05073,AR,Lafayette,22.6,43.5,46.3
05075,AR,Lawrence,20.6,34.8,43.7
05077,AR,Lee,22.3,41.2,47.0
05079,AR,Lincoln,19.9,36.1,42.8
05081,AR,Little River,17.8,34.6,41.3
05083,AR,Logan,18.3,33.8,37.7
05085,AR,Lonoke,15.9,31.0,36.1
05087,AR,Madison,19.0,33.4,40.8
05089,AR,Marion,18.0,31.3,37.9
05091,AR,Miller,19.1,37.9,38.1
05093,AR,Mississippi,19.1,36.7,46.6
05095,AR,Monroe,19.1,36.8,43.7
05097,AR,Montgomery,18.8,32.6,41.1
05099,AR,Nevada,21.1,40.8,44.1
05101,AR,Newton,18.7,31.1,38.6
05103,AR,Ouachita,18.2,35.8,43.4
05105,AR,Perry,18.0,32.0,38.6
05107,AR,Phillips,21.8,41.9,48.6
05109,AR,Pike,17.9,32.4,38.2
05111,AR,Poinsett,20.4,38.7,41.3
05113,AR,Polk,19.4,33.5,40.2
05115,AR,Pope,16.4,33.7,45.3
05117,AR,Prairie,18.1,32.1,40.5
05119,AR,Pulaski,13.4,28.4,40.6
05121,AR,Randolph,20.0,36.1,41.4
05123,AR,St. Francis,21.8,42.5,48.2
05125,AR,Saline,14.2,29.1,34.5
05127,AR,Scott,19.1,36.7,37.0
05129,AR,Searcy,21.7,35.3,39.9
05131,AR,Sebastian,16.5,32.5,36.4
05133,AR,Sevier,18.8,40.0,41.5
05135,AR,Sharp,19.3,37.7,39.5
05137,AR,Stone,19.7,34.4,40.1
05139,AR,Union,18.1,34.5,39.4
05141,AR,Van Buren,19.3,37.0,39.6
05143,AR,Washington,14.2,27.5,36.7
05145,AR,White,17.9,32.5,39.7
05147,AR,Woodruff,21.3,40.7,39.2
05149,AR,Yell,18.6,35.5,41.9
06001,CA,Alameda,9.2,20.1,22.8
06003,CA,Alpine,11.0,18.0,28.4
06005,CA,Amador,12.4,22.7,29.5
06007,CA,Butte,13.9,22.7,30.6
06009,CA,Calaveras,13.4,24.8,29.8
06011,CA,Colusa,13.5,30.3,35.3
06013,CA,Contra Costa,9.3,22.7,27.8
06015,CA,Del Norte,15.0,24.2,31.0
06017,CA,El Dorado,10.6,17.9,27.7
06019,CA,Fresno,13.4,30.9,37.9
06021,CA,Glenn,14.2,28.0,32.1
06023,CA,Humboldt,14.2,23.2,32.1
06025,CA,Imperial,12.9,35.1,35.2
06027,CA,Inyo,12.4,21.1,28.2
06029,CA,Kern,14.7,31.9,36.2
06031,CA,Kings,14.8,30.4,34.9
06033,CA,Lake,15.6,25.9,32.7
06035,CA,Lassen,16.2,25.6,34.3
06037,CA,Los Angeles,11.2,26.2,26.4
06039,CA,Madera,14.8,31.6,36.5
06041,CA,Marin,8.4,16.6,21.3
06043,CA,Mariposa,12.6,22.0,30.5
06045,CA,Mendocino,14.3,26.0,29.5
06047,CA,Merced,14.1,33.2,34.3
06049,CA,Modoc,14.8,24.6,31.9
06051,CA,Mono,11.7,21.5,30.9
06053,CA,Monterey,12.1,27.0,31.1
06055,CA,Napa,10.4,23.5,28.2
06057,CA,Nevada,11.0,18.2,27.6
06059,CA,Orange,9.3,23.4,23.9
06061,CA,Placer,9.6,17.9,27.3
06063,CA,Plumas,13.7,24.0,29.9
06065,CA,Riverside,11.6,27.3,36.8
06067,CA,Sacramento,11.8,21.1,29.5
06069,CA,San Benito,10.8,25.0,31.3
06071,CA,San Bernardino,12.4,26.3,33.3
06073,CA,San Diego,10.1,20.6,25.3
06075,CA,San Francisco,8.8,18.5,17.1
06077,CA,San Joaquin,12.7,25.9,30.7
06079,CA,San Luis Obispo,10.2,20.1,26.1
06081,CA,San Mateo,8.0,20.2,22.3
06083,CA,Santa Barbara,10.7,24.1,26.1
06085,CA,Santa Clara,8.1,22.2,21.9
06087,CA,Santa Cruz,10.7,20.4,26.8
06089,CA,Shasta,14.1,22.2,29.3
06091,CA,Sierra,15.6,24.0,32.4
06093,CA,Siskiyou,15.2,25.8,31.8
06095,CA,Solano,11.3,24.3,31.3
06097,CA,Sonoma,10.6,20.0,26.1
06099,CA,Stanislaus,13.4,30.3,36.4
06101,CA,Sutter,14.1,26.9,29.7
06103,CA,Tehama,15.5,27.4,31.6
06105,CA,Trinity,16.9,28.4,33.3
06107,CA,Tulare,14.0,32.6,35.3
06109,CA,Tuolumne,12.3,20.9,29.0
06111,CA,Ventura,10.5,22.8,25.7
06113,CA,Yolo,11.1,23.6,25.7
06115,CA,Yuba,14.5,26.1,30.8
08001,CO,Adams,13.4,22.8,33.0
08003,CO,Alamosa,14.0,24.4,32.1
08005,CO,Arapahoe,10.5,18.0,25.9
08007,CO,Archuleta,12.0,17.7,27.6
08009,CO,Baca,17.8,23.7,30.3
08011,CO,Bent,20.0,28.9,34.0
08013,CO,Boulder,8.8,12.1,17.4
08014,CO,Broomfield,8.7,13.1,22.1
08015,CO,Chaffee,12.2,16.6,25.4
08017,CO,Cheyenne,13.9,19.7,28.8
08019,CO,Clear Creek,10.1,13.9,23.2
08021,CO,Conejos,13.0,24.5,30.3
08023,CO,Costilla,14.0,26.3,31.7
08025,CO,Crowley,18.0,25.2,31.5
08027,CO,Custer,12.2,19.6,26.6
08029,CO,Delta,15.1,20.8,26.9
08031,CO,Denver,10.3,17.0,21.6
08033,CO,Dolores,14.9,19.4,27.1
08035,CO,Douglas,7.6,13.7,24.6
08037,CO,Eagle,9.9,15.9,24.3
08039,CO,Elbert,11.2,16.2,24.8
08041,CO,El Paso,10.9,18.8,28.5
08043,CO,Fremont,15.6,21.6,30.6
08045,CO,Garfield,12.0,18.3,23.8
08047,CO,Gilpin,11.4,15.0,25.5
08049,CO,Grand,11.6,16.6,23.8
08051,CO,Gunnison,10.2,14.2,24.7
08053,CO,Hinsdale,9.3,15.0,23.9
08055,CO,Huerfano,13.6,21.1,27.9
08057,CO,Jackson,16.9,23.0,30.0
08059,CO,Jefferson,9.9,12.8,23.1
08061,CO,Kiowa,14.7,19.2,27.6
08063,CO,Kit Carson,14.5,22.9,29.4
08065,CO,Lake,10.2,17.0,23.7
08067,CO,La Plata,11.9,15.3,20.9
08069,CO,Larimer,10.2,13.9,24.4
08071,CO,Las Animas,14.3,24.1,32.5
08073,CO,Lincoln,15.7,23.4,29.8
08075,CO,Logan,16.7,22.7,29.7
08077,CO,Mesa,12.7,20.0,30.1
08079,CO,Mineral,10.6,16.6,25.7
08081,CO,Moffat,15.6,22.1,28.3
08083,CO,Montezuma,14.7,20.4,28.4
08085,CO,Montrose,13.4,19.8,27.7
08087,CO,Morgan,13.8,23.3,32.1
08089,CO,Otero,15.3,27.6,35.1
08091,CO,Ouray,9.1,13.5,22.8
08093,CO,Park,10.9,16.0,23.5
08095,CO,Phillips,14.3,22.5,28.9
08097,CO,Pitkin,8.3,13.7,20.3
08099,CO,Prowers,15.0,25.6,29.8
08101,CO,Pueblo,13.9,26.8,32.1
08103,CO,Rio Blanco,13.3,18.0,26.7
08105,CO,Rio Grande,12.5,23.2,27.7
08107,CO,Routt,10.0,15.3,23.7
08109,CO,Saguache,14.6,23.7,28.8
08111,CO,San Juan,11.2,15.9,25.8
08113,CO,San Miguel,9.4,14.2,25.3
08115,CO,Sedgwick,13.6,20.5,28.0
08117,CO,Summit,10.5,15.0,24.4
08119,CO,Teller,11.3,15.4,23.4
08121,CO,Washington,13.8,18.6,26.6
08123,CO,Weld,12.7,20.6,33.8
08125,CO,Yuma,14.2,22.7,28.7
09110,CT,Capitol,11.1,25.1,31.9
09120,CT,Greater Bridgeport,10.7,27.3,28.1
09130,CT,Lower Connecticut River Valley,9.8,20.5,29.0
09140,CT,Naugatuck Valley,11.8,26.7,32.5
09150,CT,Northeastern Connecticut,12.5,26.3,33.3
09160,CT,Northwest Hills,11.5,21.9,29.2
09170,CT,South Central Connecticut,11.3,26.5,33.9
09180,CT,Southeastern Connecticut,11.7,25.9,33.1
09190,CT,Western Connecticut,8.5,22.1,25.6
10001,DE,Kent,13.5,30.7,43.5
10003,DE,New Castle,11.8,25.5,33.4
10005,DE,Sussex,14.0,25.2,33.8
11001,DC,District of Columbia,9.4,15.3,25.1
12001,FL,Alachua,12.7,22.0,30.9
12003,FL,Baker,16.6,27.7,35.3
12005,FL,Bay,14.7,25.3,33.4
12007,FL,Bradford,19.6,30.7,34.9
12009,FL,Brevard,12.5,21.9,34.2
12011,FL,Broward,11.8,26.4,30.6
12013,FL,Calhoun,20.5,32.7,39.9
12015,FL,Charlotte,14.2,25.3,30.6
12017,FL,Citrus,15.2,28.8,32.9
12019,FL,Clay,13.5,24.4,34.9
12021,FL,Collier,11.2,21.9,28.0
12023,FL,Columbia,18.6,30.0,39.7
12027,FL,DeSoto,19.6,36.9,41.0
12029,FL,Dixie,20.7,32.4,34.8
12031,FL,Duval,14.0,27.1,34.3
12033,FL,Escambia,14.8,25.5,35.8
12035,FL,Flagler,13.0,21.7,30.6
12037,FL,Franklin,16.6,29.4,32.3
12039,FL,Gadsden,18.8,31.4,44.5
12041,FL,Gilchrist,17.0,27.4,34.7
12043,FL,Glades,19.7,36.1,37.1
12045,FL,Gulf,15.5,25.6,35.3
12047,FL,Hamilton,20.6,32.9,42.0
12049,FL,Hardee,17.6,33.4,39.9
12051,FL,Hendry,17.5,37.9,37.7
12053,FL,Hernando,14.3,27.7,36.1
12055,FL,Highlands,15.9,33.3,36.7
12057,FL,Hillsborough,12.1,23.9,31.5
12059,FL,Holmes,19.7,29.5,36.3
12061,FL,Indian River,11.5,21.9,27.5
12063,FL,Jackson,19.5,30.1,38.7
12065,FL,Jefferson,17.1,28.3,35.1
12067,FL,Lafayette,19.3,31.6,35.2
12069,FL,Lake,12.9,23.9,35.8
12071,FL,Lee,12.6,26.6,31.2
12073,FL,Leon,11.3,22.6,33.1
12075,FL,Levy,17.8,28.0,33.8
12077,FL,Liberty,19.3,31.0,44.2
12079,FL,Madison,19.1,30.5,38.0
12081,FL,Manatee,12.4,23.0,32.1
12083,FL,Marion,14.8,26.6,36.4
12085,FL,Martin,11.4,23.5,27.0
12086,FL,Miami-Dade,11.4,31.2,29.3
12087,FL,Monroe,12.0,23.8,25.8
12089,FL,Nassau,12.7,20.2,33.4
12091,FL,Okaloosa,13.0,22.3,30.7
12093,FL,Okeechobee,18.6,32.0,43.9
12095,FL,Orange,11.9,24.5,33.5
12097,FL,Osceola,11.8,28.2,39.4
12099,FL,Palm Beach,11.8,23.6,27.3
12101,FL,Pasco,13.7,26.5,31.8
12103,FL,Pinellas,12.2,21.8,31.7
12105,FL,Polk,14.8,27.9,40.6
12107,FL,Putnam,21.0,31.5,33.1
12109,FL,St. Johns,10.1,17.1,29.2
12111,FL,St. Lucie,13.5,27.0,31.9
12113,FL,Santa Rosa,13.4,20.5,31.7
12115,FL,Sarasota,10.5,20.1,30.3
12117,FL,Seminole,10.8,20.5,29.5
12119,FL,Sumter,11.9,25.1,32.0
12121,FL,Suwannee,17.9,30.4,38.6
12123,FL,Taylor,19.7,30.5,40.8
12125,FL,Union,20.1,29.7,41.5
12127,FL,Volusia,14.3,25.5,33.2
12129,FL,Wakulla,15.3,27.2,38.2
12131,FL,Walton,13.8,22.0,30.1
12133,FL,Washington,19.7,32.3,40.1
13001,GA,Appling,20.8,35.1,40.7
13003,GA,Atkinson,22.1,39.4,44.0
13005,GA,Bacon,18.8,32.7,36.9
13007,GA,Baker,21.0,38.8,43.3
13009,GA,Baldwin,15.8,30.1,40.9
13011,GA,Banks,17.3,29.2,34.2
13013,GA,Barrow,14.7,28.0,34.8
13015,GA,Bartow,15.1,26.2,38.4
13017,GA,Ben Hill,21.7,36.4,41.5
13019,GA,Berrien,20.7,34.0,38.0
13021,GA,Bibb,17.3,32.2,45.0
13023,GA,Bleckley,17.4,29.8,38.3
13025,GA,Brantley,19.9,31.1,38.7
13027,GA,Brooks,20.3,34.4,40.2
13029,GA,Bryan,11.8,21.2,33.5
13031,GA,Bulloch,16.0,25.7,38.9
13033,GA,Burke,19.2,34.7,39.8
13035,GA,Butts,17.6,30.4,38.2
13037,GA,Calhoun,20.8,37.0,43.6
13039,GA,Camden,14.8,27.1,37.2
13043,GA,Candler,19.0,32.2,42.3
13045,GA,Carroll,16.1,28.1,34.2
13047,GA,Catoosa,14.9,25.3,33.9
13049,GA,Charlton,20.1,34.3,41.5
13051,GA,Chatham,13.7,25.2,33.0
13053,GA,Chattahoochee,16.3,29.8,40.6
13055,GA,Chattooga,21.6,33.6,35.2
13057,GA,Cherokee,11.7,23.0,33.5
13059,GA,Clarke,12.3,25.0,30.2
13061,GA,Clay,17.2,34.5,41.2
13063,GA,Clayton,16.0,32.9,44.8
13065,GA,Clinch,21.5,34.4,41.9
13067,GA,Cobb,10.3,21.6,29.6
13069,GA,Coffee,20.9,34.6,39.3
13071,GA,Colquitt,19.4,35.0,35.8
13073,GA,Columbia,11.9,24.3,32.8
13075,GA,Cook,20.1,32.6,37.6
13077,GA,Coweta,12.3,24.1,35.2
13079,GA,Crawford,17.1,30.4,36.9
13081,GA,Crisp,20.4,35.3,44.6
13083,GA,Dade,15.8,25.0,35.2
13085,GA,Dawson,12.9,23.5,31.5
13087,GA,Decatur,19.4,34.6,42.4
13089,GA,DeKalb,11.4,22.3,31.8
13091,GA,Dodge,19.1,33.8,40.4
13093,GA,Dooly,18.4,32.8,41.1
13095,GA,Dougherty,17.7,34.1,42.7
13097,GA,Douglas,13.5,26.9,35.9
13099,GA,Early,19.5,34.3,41.1
13101,GA,Echols,16.3,30.1,38.3
13103,GA,Effingham,14.1,24.2,37.9
13105,GA,Elbert,18.3,32.7,38.3
13107,GA,Emanuel,20.3,35.9,42.7
13109,GA,Evans,19.2,35.2,42.4
13111,GA,Fannin,16.1,26.8,38.2
13113,GA,Fayette,9.6,21.2,30.6
13115,GA,Floyd,16.0,28.1,37.3
13117,GA,Forsyth,9.2,19.6,26.8
13119,GA,Franklin,17.9,30.8,39.4
13121,GA,Fulton,9.9,20.0,28.1
13123,GA,Gilmer,15.0,28.8,34.1
13125,GA,Glascock,18.1,29.0,37.2
13127,GA,Glynn,15.0,28.2,35.1
13129,GA,Gordon,17.3,30.7,35.3
13131,GA,Grady,17.9,35.8,38.5
13133,GA,Greene,12.1,24.3,34.5
13135,GA,Gwinnett,11.5,27.3,34.5
13137,GA,Habersham,15.6,27.0,32.2
13139,GA,Hall,14.0,28.3,32.5
13141,GA,Hancock,21.9,40.0,45.1
13143,GA,Haralson,17.4,26.0,36.2
13145,GA,Harris,12.2,21.3,32.4
13147,GA,Hart,16.6,29.4,35.2
13149,GA,Heard,18.5,30.6,35.3
13151,GA,Henry,12.9,25.0,44.7
13153,GA,Houston,13.0,24.6,39.7
13155,GA,Irwin,18.3,31.9,40.4
13157,GA,Jackson,14.6,25.6,32.5
13159,GA,Jasper,17.3,29.0,36.6
13161,GA,Jeff Davis,20.6,35.7,40.4
13163,GA,Jefferson,20.3,35.3,41.3
13165,GA,Jenkins,21.9,36.6,42.6
13167,GA,Johnson,21.9,35.7,43.5
13169,GA,Jones,16.1,30.0,39.4
13171,GA,Lamar,15.5,28.6,37.1
13173,GA,Lanier,19.7,33.7,40.9
13175,GA,Laurens,18.1,32.8,44.1
13177,GA,Lee,13.1,23.0,39.2
13179,GA,Liberty,15.4,27.9,32.3
13181,GA,Lincoln,18.0,33.1,38.0
13183,GA,Long,16.8,29.7,38.4
13185,GA,Lowndes,15.0,29.9,38.7
13187,GA,Lumpkin,15.4,24.8,31.0
13189,GA,McDuffie,17.3,32.3,38.9
13191,GA,McIntosh,19.2,33.5,40.9
13193,GA,Macon,23.2,41.4,43.9
13195,GA,Madison,18.2,31.8,38.1
13197,GA,Marion,18.5,34.5,38.6
13199,GA,Meriwether,18.6,32.9,41.3
13201,GA,Miller,18.7,34.4,42.4
13205,GA,Mitchell,19.3,33.5,45.1
13207,GA,Monroe,14.2,25.9,34.7
13209,GA,Montgomery,17.0,31.5,40.0
13211,GA,Morgan,13.0,23.2,31.6
13213,GA,Murray,17.0,28.4,41.2
13215,GA,Muscogee,15.1,29.4,40.3
13217,GA,Newton,14.8,30.0,42.4
13219,GA,Oconee,9.4,17.3,28.8
13221,GA,Oglethorpe,15.4,26.8,36.0
13223,GA,Paulding,12.7,23.0,37.7
13225,GA,Peach,15.2,29.0,39.3
13227,GA,Pickens,15.1,24.6,34.7
13229,GA,Pierce,18.2,29.4,36.4
13231,GA,Pike,14.9,25.4,36.0
13233,GA,Polk,17.9,31.4,40.4
13235,GA,Pulaski,18.9,32.5,40.8
13237,GA,Putnam,15.5,30.6,39.4
13239,GA,Quitman,20.9,35.3,42.3
13241,GA,Rabun,14.6,26.2,34.2
13243,GA,Randolph,21.1,42.6,45.6
13245,GA,Richmond,16.8,30.5,37.2
13247,GA,Rockdale,14.1,30.2,39.0
13249,GA,Schley,16.4,27.6,37.2
13251,GA,Screven,18.2,31.2,40.0
13253,GA,Seminole,17.0,33.3,40.0
13255,GA,Spalding,17.0,31.2,39.7
13257,GA,Stephens,18.6,30.8,38.8
13259,GA,Stewart,20.7,39.2,41.6
13261,GA,Sumter,16.4,32.9,39.5
13263,GA,Talbot,18.7,34.5,43.1
13265,GA,Taliaferro,19.0,34.0,41.8
13267,GA,Tattnall,20.5,34.4,40.8
13269,GA,Taylor,22.4,36.0,42.5
13271,GA,Telfair,22.9,40.6,43.0
13273,GA,Terrell,21.9,37.9,43.6
13275,GA,Thomas,16.3,29.1,39.2
13277,GA,Tift,17.5,32.4,39.7
13279,GA,Toombs,17.9,32.9,40.9
13281,GA,Towns,14.5,23.9,31.9
13283,GA,Treutlen,22.5,36.9,41.2
13285,GA,Troup,16.9,32.0,35.9
13287,GA,Turner,21.1,36.2,44.4
13289,GA,Twiggs,18.4,33.9,39.7
13291,GA,Union,15.3,28.4,34.8
13293,GA,Upson,18.8,31.3,39.2
13295,GA,Walker,17.0,28.4,38.0
13297,GA,Walton,14.9,27.0,38.3
13299,GA,Ware,20.0,36.6,41.3
13301,GA,Warren,18.6,34.5,43.8
13303,GA,Washington,19.6,33.5,43.0
13305,GA,Wayne,20.0,32.6,43.0
13307,GA,Webster,18.5,33.4,42.5
13309,GA,Wheeler,21.6,35.0,41.3
13311,GA,White,15.4,26.3,35.2
13313,GA,Whitfield,15.6,31.9,37.9
13315,GA,Wilcox,20.2,35.0,42.6
13317,GA,Wilkes,18.6,32.9,40.6
13319,GA,Wilkinson,18.6,32.1,41.1
13321,GA,Worth,18.9,33.9,38.9
15001,HI,Hawaii,14.5,22.3,27.2
15003,HI,Honolulu,10.3,22.4,25.3
15005,HI,Kalawao,14.1,22.5,33.0
15007,HI,Kauai,12.4,21.2,24.1
15009,HI,Maui,13.4,19.1,26.2
16001,ID,Ada,10.4,18.4,29.0
16003,ID,Adams,14.3,28.0,34.2
16005,ID,Bannock,13.3,21.7,33.0
16007,ID,Bear Lake,13.8,24.7,31.0
16009,ID,Benewah,17.1,27.3,36.0
16011,ID,Bingham,14.0,24.4,39.2
16013,ID,Blaine,9.6,18.8,23.1
16015,ID,Boise,11.7,22.6,31.9
16017,ID,Bonner,12.9,21.1,31.8
16019,ID,Bonneville,11.4,21.4,33.5
16021,ID,Boundary,15.2,26.0,33.3
16023,ID,Butte,17.3,27.4,35.7
16025,ID,Camas,12.4,21.3,29.7
16027,ID,Canyon,12.6,24.9,35.5
16029,ID,Caribou,13.6,24.0,34.8
16031,ID,Cassia,13.0,26.4,37.5
16033,ID,Clark,13.9,29.0,36.7
16035,ID,Clearwater,14.7,22.6,31.8
16037,ID,Custer,13.3,24.3,31.5
16039,ID,Elmore,14.6,24.6,34.2
16041,ID,Franklin,12.9,22.1,35.9
16043,ID,Fremont,12.9,22.7,32.7
16045,ID,Gem,13.3,24.5,33.0
16047,ID,Gooding,15.4,28.7,34.1
16049,ID,Idaho,13.1,22.4,32.1
16051,ID,Jefferson,12.2,21.4,33.0
16053,ID,Jerome,15.7,29.9,35.8
16055,ID,Kootenai,12.3,19.6,31.5
16057,ID,Latah,11.6,19.0,31.6
16059,ID,Lemhi,13.4,23.2,30.6
16061,ID,Lewis,16.5,26.7,35.5
16063,ID,Lincoln,14.3,27.9,34.2
16065,ID,Madison,15.4,25.0,34.0
16067,ID,Minidoka,13.5,28.9,36.4
16069,ID,Nez Perce,13.5,23.7,38.1
16071,ID,Oneida,12.9,21.2,32.2
16073,ID,Owyhee,16.4,30.7,33.5
16075,ID,Payette,14.6,26.7,31.5
16077,ID,Power,13.8,27.4,38.0
16079,ID,Shoshone,15.9,28.1,35.9
16081,ID,Teton,10.1,19.0,32.0
16083,ID,Twin Falls,13.3,27.1,33.3
16085,ID,Valley,13.2,22.6,33.3
16087,ID,Washington,16.0,26.9,33.8
17001,IL,Adams,14.4,24.1,37.8
17003,IL,Alexander,20.2,33.3,45.3
17005,IL,Bond,15.9,23.7,39.8
17007,IL,Boone,14.1,24.7,36.8
17009,IL,Brown,17.8,26.3,41.6
17011,IL,Bureau,14.8,23.8,38.1
17013,IL,Calhoun,12.9,19.6,35.3
17015,IL,Carroll,16.2,23.9,38.8
17017,IL,Cass,15.8,26.6,40.6
17019,IL,Champaign,11.1,20.1,34.0
17021,IL,Christian,16.5,24.0,38.1
17023,IL,Clark,15.1,23.2,37.3
17025,IL,Clay,17.8,27.8,41.5
17027,IL,Clinton,14.1,21.0,40.2
17029,IL,Coles,14.8,24.2,37.7
17031,IL,Cook,11.2,22.8,31.0
17033,IL,Crawford,15.7,22.9,40.0
17035,IL,Cumberland,14.5,23.3,38.5
17037,IL,DeKalb,12.6,22.5,37.1
17039,IL,De Witt,15.3,22.5,38.2
17041,IL,Douglas,15.1,24.7,38.8
17043,IL,DuPage,9.5,19.0,29.2
17045,IL,Edgar,16.4,26.8,37.5
17047,IL,Edwards,17.9,27.3,40.3
17049,IL,Effingham,14.1,22.8,34.2
17051,IL,Fayette,17.4,25.6,40.1
17053,IL,Ford,16.1,24.1,37.8
17055,IL,Franklin,18.1,27.6,41.6
17057,IL,Fulton,17.2,25.8,39.8
17059,IL,Gallatin,18.2,28.2,40.8
17061,IL,Greene,17.5,24.8,39.9
17063,IL,Grundy,13.2,21.7,36.1
17065,IL,Hamilton,17.0,24.8,40.0
17067,IL,Hancock,14.7,25.2,38.9
17069,IL,Hardin,16.9,27.4,39.6
17071,IL,Henderson,15.9,22.9,38.7
17073,IL,Henry,13.8,21.9,36.8
17075,IL,Iroquois,17.0,25.0,40.8
17077,IL,Jackson,13.8,24.4,39.8
17079,IL,Jasper,14.3,21.3,38.0
17081,IL,Jefferson,16.1,25.2,39.8
17083,IL,Jersey,14.6,23.2,39.2
17085,IL,Jo Daviess,13.9,23.8,36.1
17087,IL,Johnson,16.8,26.4,41.9
17089,IL,Kane,11.0,22.5,34.9
17091,IL,Kankakee,15.2,24.2,40.2
17093,IL,Kendall,10.7,19.4,39.0
17095,IL,Knox,16.0,27.5,39.9
17097,IL,Lake,10.4,19.4,32.9
17099,IL,LaSalle,15.3,23.6,37.8
17101,IL,Lawrence,17.9,27.0,41.0
17103,IL,Lee,15.3,24.0,38.9
17105,IL,Livingston,15.3,25.4,35.9
17107,IL,Logan,15.7,23.3,38.5
17109,IL,McDonough,13.8,23.4,36.3
17111,IL,McHenry,11.5,20.9,31.7
17113,IL,McLean,12.2,19.4,34.5
17115,IL,Macon,15.7,24.4,42.6
17117,IL,Macoupin,16.3,23.1,36.8
17119,IL,Madison,13.3,21.1,38.8
17121,IL,Marion,17.5,27.0,39.5
17123,IL,Marshall,15.2,22.9,38.6
17125,IL,Mason,16.0,23.5,37.2
17127,IL,Massac,17.2,26.8,40.8
17129,IL,Menard,14.2,22.5,37.9
17131,IL,Mercer,15.7,22.6,38.6
17133,IL,Monroe,11.3,17.2,34.9
17135,IL,Montgomery,16.6,25.6,39.1
17137,IL,Morgan,15.6,23.5,40.3
17139,IL,Moultrie,16.4,24.7,38.4
17141,IL,Ogle,14.0,22.5,40.9
17143,IL,Peoria,14.3,23.5,34.8
17145,IL,Perry,17.4,27.1,40.7
17147,IL,Piatt,12.7,19.2,35.1
17149,IL,Pike,16.8,25.1,40.6
17151,IL,Pope,15.0,26.1,39.6
17153,IL,Pulaski,20.7,30.9,45.7
17155,IL,Putnam,13.6,20.7,36.1
17157,IL,Randolph,16.8,26.2,39.1
17159,IL,Richland,15.5,24.9,39.4
17161,IL,Rock Island,14.5,24.9,39.6
17163,IL,St. Clair,14.3,24.0,38.6
17165,IL,Saline,17.1,24.4,40.1
17167,IL,Sangamon,13.5,22.2,39.6
17169,IL,Schuyler,17.2,27.3,40.2
17171,IL,Scott,15.4,22.3,38.3
17173,IL,Shelby,15.8,24.8,37.6
17175,IL,Stark,15.7,24.9,38.2
17177,IL,Stephenson,15.8,26.8,41.0
17179,IL,Tazewell,13.8,21.0,36.3
17181,IL,Union,17.1,28.0,39.8
17183,IL,Vermilion,17.2,27.5,43.8
17185,IL,Wabash,15.8,23.9,40.2
17187,IL,Warren,15.4,24.0,37.9
17189,IL,Washington,13.8,22.4,36.7
17191,IL,Wayne,17.6,25.3,39.9
17193,IL,White,18.1,26.3,39.3
17195,IL,Whiteside,14.6,25.4,36.2
17197,IL,Will,11.6,23.5,37.7
17199,IL,Williamson,14.9,22.8,40.1
17201,IL,Winnebago,15.9,27.0,42.0
17203,IL,Woodford,12.4,20.6,37.3
18001,IN,Adams,19.4,27.1,41.7
18003,IN,Allen,14.7,22.9,39.5
18005,IN,Bartholomew,14.8,23.3,38.9
18007,IN,Benton,18.8,28.1,42.4
18009,IN,Blackford,20.8,30.9,44.3
18011,IN,Boone,11.6,18.3,32.9
18013,IN,Brown,15.9,22.7,36.1
18015,IN,Carroll,17.8,25.6,41.6
18017,IN,Cass,18.5,31.2,47.4
18019,IN,Clark,16.4,24.8,43.5
18021,IN,Clay,18.2,26.1,43.3
18023,IN,Clinton,17.5,27.3,40.2
18025,IN,Crawford,23.5,33.2,43.6
18027,IN,Daviess,19.7,29.4,41.4
18029,IN,Dearborn,16.5,22.5,35.8
18031,IN,Decatur,16.8,26.5,37.6
18033,IN,DeKalb,17.0,24.6,43.5
18035,IN,Delaware,19.0,25.3,36.6
18037,IN,Dubois,15.7,23.7,39.9
18039,IN,Elkhart,17.4,26.5,43.8
18041,IN,Fayette,20.8,27.9,44.9
18043,IN,Floyd,14.9,23.9,37.4
18045,IN,Fountain,18.9,26.4,42.4
18047,IN,Franklin,17.1,24.3,40.5
18049,IN,Fulton,18.6,28.7,41.7
18051,IN,Gibson,17.6,25.8,39.4
18053,IN,Grant,17.8,29.1,42.2
18055,IN,Greene,19.8,28.4,40.7
18057,IN,Hamilton,9.5,16.1,31.9
18059,IN,Hancock,13.6,19.8,39.5
18061,IN,Harrison,16.3,23.0,42.2
18063,IN,Hendricks,12.8,19.8,36.0
18065,IN,Henry,18.4,29.1,43.7
18067,IN,Howard,18.6,27.8,36.8
18069,IN,Huntington,17.1,24.0,39.9
18071,IN,Jackson,17.4,25.9,39.6
18073,IN,Jasper,16.0,24.0,40.0
18075,IN,Jay,20.7,29.0,43.6
18077,IN,Jefferson,17.2,24.2,36.6
18079,IN,Jennings,19.5,28.1,41.2
18081,IN,Johnson,14.2,21.9,38.6
18083,IN,Knox,18.5,25.4,36.8
18085,IN,Kosciusko,17.1,27.2,38.9
18087,IN,LaGrange,19.6,29.1,40.0
18089,IN,Lake,17.0,26.9,39.9
18091,IN,LaPorte,17.6,28.1,37.1
18093,IN,Lawrence,17.3,25.1,41.8
18095,IN,Madison,18.8,27.9,36.3
18097,IN,Marion,15.0,24.3,38.3
18099,IN,Marshall,17.9,27.4,43.2
18101,IN,Martin,18.7,27.5,39.1
18103,IN,Miami,19.5,27.2,44.3
18105,IN,Monroe,14.3,21.9,32.5
18107,IN,Montgomery,18.1,28.5,39.5
18109,IN,Morgan,16.4,24.4,37.3
18111,IN,Newton,18.6,26.5,43.3
18113,IN,Noble,17.0,25.9,39.6
18115,IN,Ohio,16.9,26.2,39.5
18117,IN,Orange,19.1,26.9,39.7
18119,IN,Owen,18.7,27.5,41.2
18121,IN,Parke,21.3,29.3,42.4
18123,IN,Perry,18.6,24.5,37.5
18125,IN,Pike,18.9,25.7,37.9
18127,IN,Porter,14.7,25.5,39.9
18129,IN,Posey,15.6,21.3,40.0
18131,IN,Pulaski,18.3,28.6,38.7
18133,IN,Putnam,16.4,24.2,38.4
18135,IN,Randolph,18.7,29.0,38.7
18137,IN,Ripley,16.9,23.6,36.1
18139,IN,Rush,18.6,26.0,39.0
18141,IN,St. Joseph,14.9,26.5,35.3
18143,IN,Scott,20.0,28.6,41.8
18145,IN,Shelby,18.1,24.8,41.2
18147,IN,Spencer,16.2,22.4,39.5
18149,IN,Starke,19.9,27.5,42.1
18151,IN,Steuben,15.4,23.3,35.4
18153,IN,Sullivan,20.2,27.2,43.4
18155,IN,Switzerland,20.4,29.8,40.4
18157,IN,Tippecanoe,15.2,20.9,27.9
18159,IN,Tipton,15.7,22.8,36.5
18161,IN,Union,15.9,22.5,37.4
18163,IN,Vanderburgh,16.2,25.4,38.6
18165,IN,Vermillion,18.6,26.0,40.4
18167,IN,Vigo,17.6,25.6,41.0
18169,IN,Wabash,17.5,26.7,38.4
18171,IN,Warren,17.4,26.7,41.6
18173,IN,Warrick,13.1,21.2,33.8
18175,IN,Washington,19.8,28.6,41.0
18177,IN,Wayne,19.8,27.3,38.2
18179,IN,Wells,16.8,24.2,41.9
18181,IN,White,16.9,26.1,44.7
18183,IN,Whitley,16.1,22.7,39.4
19001,IA,Adair,16.7,28.2,39.9
19003,IA,Adams,16.4,27.6,39.1
19005,IA,Allamakee,16.8,27.4,42.5
19007,IA,Appanoose,20.4,31.5,43.4
19009,IA,Audubon,17.0,25.2,37.8
19011,IA,Benton,14.9,22.1,40.8
19013,IA,Black Hawk,15.6,23.6,40.4
19015,IA,Boone,14.4,23.3,43.4
19017,IA,Bremer,14.2,22.4,38.6
19019,IA,Buchanan,15.3,24.0,37.6
19021,IA,Buena Vista,15.6,30.1,38.9
19023,IA,Butler,16.4,25.7,39.3
19025,IA,Calhoun,15.6,24.5,39.8
19027,IA,Carroll,15.2,25.2,40.0
19029,IA,Cass,18.2,26.3,41.0
19031,IA,Cedar,15.2,25.5,40.5
19033,IA,Cerro Gordo,15.5,24.9,40.1
19035,IA,Cherokee,16.4,30.0,40.6
19037,IA,Chickasaw,16.1,27.5,39.6
19039,IA,Clarke,19.2,31.8,43.2
19041,IA,Clay,15.9,24.7,35.2
19043,IA,Clayton,17.8,30.7,41.0
19045,IA,Clinton,17.3,27.5,39.3
19047,IA,Crawford,17.1,32.5,43.1
19049,IA,Dallas,10.9,19.4,32.4
19051,IA,Davis,17.5,28.4,37.5
19053,IA,Decatur,15.9,27.6,41.7
19055,IA,Delaware,16.9,25.8,39.8
19057,IA,Des Moines,16.5,28.2,34.8
19059,IA,Dickinson,13.1,24.2,37.6
19061,IA,Dubuque,13.6,22.8,34.9
19063,IA,Emmet,16.2,27.9,43.2
19065,IA,Fayette,17.9,29.4,38.5
19067,IA,Floyd,16.9,25.4,40.0
19069,IA,Franklin,17.4,28.2,40.7
19071,IA,Fremont,15.9,25.7,39.9
19073,IA,Greene,17.3,25.8,36.0
19075,IA,Grundy,13.9,23.9,37.5
19077,IA,Guthrie,15.2,26.1,37.2
19079,IA,Hamilton,15.2,23.8,36.5
19081,IA,Hancock,16.3,26.5,42.5
19083,IA,Hardin,16.2,25.2,38.9
19085,IA,Harrison,16.1,24.0,35.0
19087,IA,Henry,16.7,24.8,38.8
19089,IA,Howard,17.2,26.5,38.0
19091,IA,Humboldt,16.8,27.5,41.6
19093,IA,Ida,16.7,27.8,41.4
19095,IA,Iowa,14.8,24.8,43.4
19097,IA,Jackson,16.8,27.1,40.2
19099,IA,Jasper,16.5,25.6,38.3
19101,IA,Jefferson,14.8,25.9,39.7
19103,IA,Johnson,10.9,18.1,32.8
19105,IA,Jones,16.0,25.8,39.6
19107,IA,Keokuk,18.2,26.7,41.4
19109,IA,Kossuth,15.9,24.4,38.2
19111,IA,Lee,17.5,28.1,37.6
19113,IA,Linn,13.5,21.8,35.6
19115,IA,Louisa,16.0,27.2,40.0
19117,IA,Lucas,18.9,26.9,39.8
19119,IA,Lyon,16.6,26.0,42.2
19121,IA,Madison,14.1,22.8,36.6
19123,IA,Mahaska,16.3,27.1,39.0
19125,IA,Marion,14.0,21.4,40.0
19127,IA,Marshall,15.5,28.4,44.1
19129,IA,Mills,13.8,21.4,39.2
19131,IA,Mitchell,16.0,24.3,40.4
19133,IA,Monona,16.3,28.3,42.2
19135,IA,Monroe,15.5,23.8,38.1
19137,IA,Montgomery,17.2,26.2,39.5
19139,IA,Muscatine,16.2,29.3,41.4
19141,IA,O'Brien,17.2,26.2,38.8
19143,IA,Osceola,17.1,30.1,39.5
19145,IA,Page,18.6,27.2,42.9
19147,IA,Palo Alto,15.1,25.8,40.0
19149,IA,Plymouth,14.5,23.1,39.4
19151,IA,Pocahontas,15.9,28.2,36.7
19153,IA,Polk,13.3,23.7,36.9
19155,IA,Pottawattamie,17.4,26.2,39.1
19157,IA,Poweshiek,14.7,25.8,40.5
19159,IA,Ringgold,15.5,25.9,43.0
19161,IA,Sac,15.8,26.3,41.6
19163,IA,Scott,14.0,24.1,40.6
19165,IA,Shelby,15.2,24.4,37.8
19167,IA,Sioux,12.9,23.3,33.0
19169,IA,Story,13.8,22.2,30.8
19171,IA,Tama,17.4,27.8,40.4
19173,IA,Taylor,16.3,26.4,39.7
19175,IA,Union,15.8,25.6,37.2
19177,IA,Van Buren,18.5,29.6,39.5
19179,IA,Wapello,18.0,29.6,41.9
19181,IA,Warren,12.6,21.0,38.7
19183,IA,Washington,15.1,26.2,38.6
19185,IA,Wayne,17.2,29.3,41.2
19187,IA,Webster,16.0,26.6,42.2
19189,IA,Winnebago,14.3,23.4,39.3
19191,IA,Winneshiek,12.4,21.5,34.7
19193,IA,Woodbury,16.1,28.4,39.1
19195,IA,Worth,15.5,26.0,40.5
19197,IA,Wright,16.8,27.0,41.3
20001,KS,Allen,17.4,27.7,38.0
20003,KS,Anderson,18.8,29.9,40.3
20005,KS,Atchison,17.0,27.7,38.8
20007,KS,Barber,16.4,29.5,38.6
20009,KS,Barton,16.9,28.7,39.2
20011,KS,Bourbon,17.8,30.9,37.3
20013,KS,Brown,17.7,27.2,39.6
20015,KS,Butler,14.5,22.5,39.0
20017,KS,Chase,16.4,29.8,38.8
20019,KS,Chautauqua,20.1,33.3,40.9
20021,KS,Cherokee,18.9,30.6,43.8
20023,KS,Cheyenne,17.7,30.8,38.0
20025,KS,Clark,13.9,25.1,36.8
20027,KS,Clay,16.5,28.2,39.8
20029,KS,Cloud,16.8,27.4,42.1
20031,KS,Coffey,16.2,25.4,36.9
20033,KS,Comanche,15.1,26.5,39.2
20035,KS,Cowley,16.4,27.4,41.5
20037,KS,Crawford,18.1,27.9,38.8
20039,KS,Decatur,15.1,27.7,36.6
20041,KS,Dickinson,15.3,26.4,39.5
20043,KS,Doniphan,15.3,26.9,38.0
20045,KS,Douglas,13.3,20.0,33.1
20047,KS,Edwards,17.1,32.2,39.9
20049,KS,Elk,18.4,31.8,40.5
20051,KS,Ellis,13.1,23.6,38.9
20053,KS,Ellsworth,15.6,25.7,39.9
20055,KS,Finney,15.7,33.2,37.3
20057,KS,Ford,15.8,34.2,39.6
20059,KS,Franklin,16.1,27.3,40.3
20061,KS,Geary,16.4,29.7,36.1
20063,KS,Gove,16.0,28.3,37.7
20065,KS,Graham,16.4,27.0,36.7
20067,KS,Grant,12.6,28.8,35.7
20069,KS,Gray,16.1,29.2,39.9
20071,KS,Greeley,13.5,25.0,36.8
20073,KS,Greenwood,17.4,27.1,40.7
20075,KS,Hamilton,14.3,30.1,40.0
20077,KS,Harper,19.2,30.8,42.1
20079,KS,Harvey,13.8,28.2,37.2
20081,KS,Haskell,16.2,32.9,42.4
20083,KS,Hodgeman,13.6,25.2,36.5
20085,KS,Jackson,15.8,27.2,37.7
20087,KS,Jefferson,14.7,25.3,34.4
20089,KS,Jewell,17.3,32.6,39.8
20091,KS,Johnson,9.7,18.7,30.9
20093,KS,Kearny,16.1,32.2,37.6
20095,KS,Kingman,16.4,27.9,39.8
20097,KS,Kiowa,13.9,26.5,40.2
20099,KS,Labette,18.4,30.3,41.3
20101,KS,Lane,15.1,26.1,37.0
20103,KS,Leavenworth,13.6,22.5,39.8
20105,KS,Lincoln,16.2,27.1,40.2
20107,KS,Linn,16.5,27.8,37.2
20109,KS,Logan,15.9,27.7,39.8
20111,KS,Lyon,14.8,29.2,39.9
20113,KS,McPherson,13.6,25.3,37.0
20115,KS,Marion,15.0,27.9,38.7
20117,KS,Marshall,18.0,26.8,37.5
20119,KS,Meade,15.8,30.6,36.8
20121,KS,Miami,13.9,22.6,34.7
20123,KS,Mitchell,16.4,28.4,39.3
20125,KS,Montgomery,18.6,29.4,38.9
20127,KS,Morris,15.2,27.1,36.9
20129,KS,Morton,17.2,32.7,37.9
20131,KS,Nemaha,15.5,24.4,39.3
20133,KS,Neosho,17.4,27.1,39.5
20135,KS,Ness,16.0,27.5,36.1
20137,KS,Norton,17.8,30.1,42.9
20139,KS,Osage,16.7,28.2,41.8
20141,KS,Osborne,15.7,29.9,39.2
20143,KS,Ottawa,15.6,25.0,38.3
20145,KS,Pawnee,16.5,29.0,38.2
20147,KS,Phillips,17.2,27.3,40.9
20149,KS,Pottawatomie,13.7,23.8,35.8
20151,KS,Pratt,14.8,27.1,37.6
20153,KS,Rawlins,16.8,30.9,42.4
20155,KS,Reno,17.6,28.4,44.5
20157,KS,Republic,16.3,30.6,41.2
20159,KS,Rice,14.5,28.5,40.6
20161,KS,Riley,15.0,21.9,30.9
20163,KS,Rooks,15.6,26.2,40.6
20165,KS,Rush,17.0,27.9,38.7
20167,KS,Russell,18.1,28.3,41.8
20169,KS,Saline,15.1,27.5,41.1
20171,KS,Scott,13.8,26.4,38.1
20173,KS,Sedgwick,15.1,25.8,38.6
20175,KS,Seward,15.0,38.1,42.7
20177,KS,Shawnee,15.7,24.6,38.3
20179,KS,Sheridan,14.7,24.2,34.8
20181,KS,Sherman,15.1,28.9,38.2
20183,KS,Smith,15.9,29.6,39.6
20185,KS,Stafford,15.3,29.4,41.5
20187,KS,Stanton,16.8,34.1,40.2
20189,KS,Stevens,18.1,35.5,41.7
20191,KS,Sumner,17.2,27.4,39.9
20193,KS,Thomas,13.9,24.9,36.5
20195,KS,Trego,13.9,26.7,40.3
20197,KS,Wabaunsee,14.2,25.6,35.3
20199,KS,Wallace,16.6,29.9,37.3
20201,KS,Washington,14.9,28.4,34.0
20203,KS,Wichita,16.5,33.9,41.7
20205,KS,Wilson,18.4,30.1,39.9
20207,KS,Woodson,17.2,29.2,39.5
20209,KS,Wyandotte,17.7,34.6,40.7
22001,LA,Acadia,22.2,35.0,41.8
22003,LA,Allen,21.6,34.4,44.2
22005,LA,Ascension,15.4,26.1,35.0
22007,LA,Assumption,20.9,33.4,38.4
22009,LA,Avoyelles,23.7,36.6,43.2
22011,LA,Beauregard,18.5,29.7,40.7
22013,LA,Bienville,24.5,40.0,47.6
22015,LA,Bossier,16.1,29.9,40.9
22017,LA,Caddo,18.6,33.2,42.2
22019,LA,Calcasieu,17.1,32.9,43.0
22021,LA,Caldwell,23.0,34.3,38.6
22023,LA,Cameron,17.4,28.1,36.4
22025,LA,Catahoula,22.8,35.7,41.6
22027,LA,Claiborne,26.6,43.6,48.9
22029,LA,Concordia,23.6,37.7,45.6
22031,LA,De Soto,20.7,34.4,44.2
22033,LA,East Baton Rouge,14.0,24.9,36.6
22035,LA,East Carroll,29.1,44.3,51.2
22037,LA,East Feliciana,18.4,32.1,42.2
22039,LA,Evangeline,22.1,35.8,44.7
22041,LA,Franklin,22.7,37.7,42.0
22043,LA,Grant,20.1,31.3,39.9
22045,LA,Iberia,20.4,35.2,42.4
22047,LA,Iberville,18.9,34.3,42.9
22049,LA,Jackson,21.3,37.1,45.1
22051,LA,Jefferson,14.9,30.3,41.5
22053,LA,Jefferson Davis,19.9,32.2,42.5
22055,LA,Lafayette,16.0,24.4,34.5
22057,LA,Lafourche,19.4,32.7,47.2
22059,LA,LaSalle,19.1,30.2,38.6
22061,LA,Lincoln,15.9,32.5,46.3
22063,LA,Livingston,17.0,27.3,38.6
22065,LA,Madison,25.5,43.8,49.9
22067,LA,Morehouse,23.0,37.1,44.8
22069,LA,Natchitoches,19.8,32.4,42.4
22071,LA,Orleans,15.0,26.1,34.2
22073,LA,Ouachita,18.2,32.9,43.9
22075,LA,Plaquemines,16.8,28.8,38.4
22077,LA,Pointe Coupee,18.5,34.2,40.0
22079,LA,Rapides,19.1,31.4,40.7
22081,LA,Red River,23.7,38.0,43.9
22083,LA,Richland,21.4,34.7,43.1
22085,LA,Sabine,21.1,36.3,44.7
22087,LA,St. Bernard,20.2,33.2,42.2
22089,LA,St. Charles,14.9,27.6,37.2
22091,LA,St. Helena,22.4,37.3,42.9
22093,LA,St. James,16.5,30.7,43.7
22095,LA,St. John the Baptist,16.7,30.9,41.8
22097,LA,St. Landry,22.4,36.3,40.5
22099,LA,St. Martin,19.7,33.3,45.3
22101,LA,St. Mary,21.7,34.8,44.9
22103,LA,St. Tammany,14.6,24.8,37.1
22105,LA,Tangipahoa,18.9,30.0,43.1
22107,LA,Tensas,22.8,43.1,48.4
22109,LA,Terrebonne,18.8,32.2,41.3
22111,LA,Union,20.8,35.9,37.2
22113,LA,Vermilion,20.2,32.1,42.6
22115,LA,Vernon,19.2,31.6,38.5
22117,LA,Washington,22.2,37.7,45.5
22119,LA,Webster,23.4,39.0,44.7
22121,LA,West Baton Rouge,16.2,27.5,41.3
22123,LA,West Carroll,20.0,31.5,40.1
22125,LA,West Feliciana,16.1,28.5,40.7
22127,LA,Winn,21.1,34.2,45.9
23001,ME,Androscoggin,16.9,26.9,35.8
23003,ME,Aroostook,17.9,32.0,40.0
23005,ME,Cumberland,10.9,16.1,26.7
23007,ME,Franklin,16.6,23.7,35.2
23009,ME,Hancock,13.9,18.7,29.4
23011,ME,Kennebec,15.8,24.7,32.5
23013,ME,Knox,14.3,19.4,28.8
23015,ME,Lincoln,13.5,21.4,30.9
23017,ME,Oxford,18.0,25.4,34.6
23019,ME,Penobscot,16.2,26.2,38.0
23021,ME,Piscataquis,18.0,25.3,34.3
23023,ME,Sagadahoc,13.9,22.2,29.6
23025,ME,Somerset,20.0,28.1,37.2
23027,ME,Waldo,15.9,21.6,34.1
23029,ME,Washington,18.3,32.5,39.9
23031,ME,York,13.7,19.7,32.9
24001,MD,Allegany,17.7,30.7,36.6
24003,MD,Anne Arundel,10.5,19.8,34.5
24005,MD,Baltimore,11.4,25.3,34.2
24009,MD,Calvert,11.0,18.8,35.9
24011,MD,Caroline,17.4,28.6,41.7
24013,MD,Carroll,10.9,23.2,37.7
24015,MD,Cecil,15.4,26.7,41.3
24017,MD,Charles,11.3,22.6,41.3
24019,MD,Dorchester,16.6,29.8,41.8
24021,MD,Frederick,9.2,20.1,34.7
24023,MD,Garrett,14.2,27.1,36.3
24025,MD,Harford,10.9,19.7,35.4
24027,MD,Howard,7.4,15.8,29.6
24029,MD,Kent,13.2,22.4,36.4
24031,MD,Montgomery,7.2,19.2,25.9
24033,MD,Prince George's,10.5,26.5,41.9
24035,MD,Queen Anne's,11.9,20.9,29.2
24037,MD,St. Mary's,12.7,22.3,37.2
24039,MD,Somerset,18.2,31.2,38.4
24041,MD,Talbot,10.9,21.5,30.1
24043,MD,Washington,15.3,29.5,39.0
24045,MD,Wicomico,14.4,28.0,39.6
24047,MD,Worcester,12.3,23.1,33.1
24510,MD,Baltimore,16.0,27.4,38.8
25001,MA,Barnstable,10.5,16.5,26.3
25003,MA,Berkshire,12.7,20.4,31.5
25005,MA,Bristol,16.0,24.8,32.1
25007,MA,Dukes,10.8,19.0,25.5
25009,MA,Essex,11.4,23.2,30.0
25011,MA,Franklin,13.1,22.1,26.1
25013,MA,Hampden,14.8,29.0,34.9
25015,MA,Hampshire,9.7,17.7,24.4
25017,MA,Middlesex,9.1,17.9,23.8
25019,MA,Nantucket,8.8,16.4,27.7
25021,MA,Norfolk,9.3,17.1,23.4
25023,MA,Plymouth,12.1,20.4,29.7
25025,MA,Suffolk,11.6,23.8,25.2
25027,MA,Worcester,12.3,23.8,32.6
26001,MI,Alcona,15.9,28.7,39.0
26003,MI,Alger,16.0,25.8,36.6
26005,MI,Allegan,14.8,23.6,35.6
26007,MI,Alpena,18.4,28.5,41.3
26009,MI,Antrim,13.4,23.3,36.4
26011,MI,Arenac,18.4,28.3,38.4
26013,MI,Baraga,19.4,26.9,40.7
26015,MI,Barry,14.9,22.6,37.0
26017,MI,Bay,15.7,24.6,38.0
26019,MI,Benzie,13.5,21.1,35.4
26021,MI,Berrien,15.0,27.2,38.8
26023,MI,Branch,18.0,28.2,35.9
26025,MI,Calhoun,17.0,26.6,42.5
26027,MI,Cass,16.3,24.9,36.2
26029,MI,Charlevoix,13.7,20.1,35.0
26031,MI,Cheboygan,16.7,26.7,41.1
26033,MI,Chippewa,18.6,25.8,36.4
26035,MI,Clare,19.5,30.4,40.5
26037,MI,Clinton,13.0,20.6,35.2
26039,MI,Crawford,18.2,28.9,37.5
26041,MI,Delta,16.4,26.8,40.0
26043,MI,Dickinson,15.1,25.7,38.1
26045,MI,Eaton,13.3,22.7,38.8
26047,MI,Emmet,13.3,19.5,32.7
26049,MI,Genesee,17.4,28.1,40.6
26051,MI,Gladwin,18.2,29.2,40.3
26053,MI,Gogebic,16.6,28.4,37.1
26055,MI,Grand Traverse,13.2,22.5,35.3
26057,MI,Gratiot,16.6,26.3,36.7
26059,MI,Hillsdale,18.6,28.2,37.6
26061,MI,Houghton,15.7,21.8,33.7
26063,MI,Huron,16.6,28.8,38.6
26065,MI,Ingham,14.6,22.0,36.6
26067,MI,Ionia,16.3,24.9,40.2
26069,MI,Iosco,18.2,30.7,38.8
26071,MI,Iron,16.6,25.2,39.2
26073,MI,Isabella,15.8,27.3,43.1
26075,MI,Jackson,15.8,26.2,39.2
26077,MI,Kalamazoo,14.0,23.0,37.4
26079,MI,Kalkaska,18.0,27.2,38.7
26081,MI,Kent,13.2,21.6,34.8
26083,MI,Keweenaw,11.5,19.5,34.3
26085,MI,Lake,21.3,31.5,40.3
26087,MI,Lapeer,16.1,25.5,35.0
26089,MI,Leelanau,10.6,20.5,31.7
26091,MI,Lenawee,15.5,26.4,40.6
26093,MI,Livingston,12.0,19.5,31.9
26095,MI,Luce,18.6,26.0,40.9
26097,MI,Mackinac,18.6,26.4,41.3
26099,MI,Macomb,15.4,25.2,37.5
26101,MI,Manistee,16.6,26.0,36.6
26103,MI,Marquette,13.5,21.4,36.4
26105,MI,Mason,16.3,25.4,40.5
26107,MI,Mecosta,18.1,26.4,38.3
26109,MI,Menominee,16.7,27.7,38.9
26111,MI,Midland,13.2,21.6,31.8
26113,MI,Missaukee,17.8,28.2,39.3
26115,MI,Monroe,15.4,23.4,40.6
26117,MI,Montcalm,18.5,26.9,42.2
26119,MI,Montmorency,18.3,26.2,38.3
26121,MI,Muskegon,17.1,26.8,44.2
26123,MI,Newaygo,18.0,26.1,37.5
26125,MI,Oakland,10.8,18.2,31.3
26127,MI,Oceana,16.7,28.3,40.6
26129,MI,Ogemaw,19.0,29.5,39.4
26131,MI,Ontonagon,17.7,28.9,37.2
26133,MI,Osceola,18.1,26.9,39.4
26135,MI,Oscoda,20.2,31.4,38.4
26137,MI,Otsego,15.1,25.7,38.1
26139,MI,Ottawa,12.1,19.9,32.3
26141,MI,Presque Isle,16.3,25.0,41.1
26143,MI,Roscommon,16.5,28.4,39.2
26145,MI,Saginaw,16.2,30.6,37.1
26147,MI,St. Clair,16.6,25.8,36.2
26149,MI,St. Joseph,17.4,26.2,38.3
26151,MI,Sanilac,18.5,30.3,39.9
26153,MI,Schoolcraft,19.0,26.5,40.1
26155,MI,Shiawassee,16.6,24.5,38.8
26157,MI,Tuscola,17.3,25.5,41.7
26159,MI,Van Buren,16.6,28.0,39.4
26161,MI,Washtenaw,10.8,16.1,27.5
26163,MI,Wayne,17.2,29.7,37.3
26165,MI,Wexford,17.8,24.7,38.8
27001,MN,Aitkin,17.7,28.8,33.2
27003,MN,Anoka,13.5,23.9,35.8
27005,MN,Becker,16.0,24.6,37.3
27007,MN,Beltrami,18.8,26.3,38.5
27009,MN,Benton,16.0,23.3,41.2
27011,MN,Big Stone,16.6,27.7,38.2
27013,MN,Blue Earth,13.5,23.0,36.8
27015,MN,Brown,14.6,24.8,36.2
27017,MN,Carlton,16.2,24.3,38.8
27019,MN,Carver,11.0,18.3,31.3
27021,MN,Cass,16.9,25.5,36.9
27023,MN,Chippewa,17.0,28.9,40.8
27025,MN,Chisago,14.8,21.8,35.9
27027,MN,Clay,14.6,21.7,34.1
27029,MN,Clearwater,19.4,26.6,34.7
27031,MN,Cook,13.5,24.0,35.2
27033,MN,Cottonwood,15.8,27.6,39.2
27035,MN,Crow Wing,15.4,24.6,37.4
27037,MN,Dakota,11.3,21.8,34.5
27039,MN,Dodge,13.4,22.6,34.9
27041,MN,Douglas,14.5,21.6,35.2
27043,MN,Faribault,17.1,28.9,37.8
27045,MN,Fillmore,16.1,25.5,40.7
27047,MN,Freeborn,16.7,27.9,36.2
27049,MN,Goodhue,14.7,23.7,36.0
27051,MN,Grant,17.2,26.7,39.7
27053,MN,Hennepin,11.1,18.9,27.1
27055,MN,Houston,14.2,25.7,34.1
27057,MN,Hubbard,14.2,24.4,35.3
27059,MN,Isanti,16.2,24.8,32.4
27061,MN,Itasca,16.0,25.4,36.0
27063,MN,Jackson,14.8,23.1,35.8
27065,MN,Kanabec,17.8,26.0,37.3
27067,MN,Kandiyohi,14.4,24.1,41.0
27069,MN,Kittson,14.3,25.9,34.4
27071,MN,Koochiching,15.9,25.1,37.1
27073,MN,Lac qui Parle,14.0,25.9,34.8
27075,MN,Lake,15.6,25.5,35.4
27077,MN,Lake of the Woods,15.3,23.3,35.6
27079,MN,Le Sueur,14.4,21.1,35.3
27081,MN,Lincoln,15.0,23.8,36.6
27083,MN,Lyon,14.7,24.0,38.4
27085,MN,McLeod,15.4,24.2,42.2
27087,MN,Mahnomen,25.7,34.5,43.8
27089,MN,Marshall,15.9,23.5,39.2
27091,MN,Martin,15.6,28.7,36.3
27093,MN,Meeker,16.1,26.1,37.1
27095,MN,Mille Lacs,17.5,28.2,38.0
27097,MN,Morrison,16.7,26.4,37.1
27099,MN,Mower,16.3,28.6,38.3
27101,MN,Murray,14.6,26.9,36.7
27103,MN,Nicollet,13.7,23.2,33.2
27105,MN,Nobles,17.1,33.7,39.2
27107,MN,Norman,15.9,26.7,35.8
27109,MN,Olmsted,11.4,21.3,36.4
27111,MN,Otter Tail,15.3,23.5,34.4
27113,MN,Pennington,16.0,23.5,40.2
27115,MN,Pine,18.1,27.7,39.1
27117,MN,Pipestone,16.5,28.0,38.9
27119,MN,Polk,15.8,25.9,39.4
27121,MN,Pope,15.2,22.7,38.9
27123,MN,Ramsey,12.5,20.3,32.3
27125,MN,Red Lake,16.1,24.5,38.8
27127,MN,Redwood,16.3,24.3,36.5
27129,MN,Renville,17.1,28.1,39.1
27131,MN,Rice,14.9,25.5,38.7
27133,MN,Rock,15.4,26.2,37.0
27135,MN,Roseau,15.6,23.4,35.7
27137,MN,St. Louis,15.2,22.6,35.2
27139,MN,Scott,11.9,22.2,31.5
27141,MN,Sherburne,13.9,22.9,39.0
27143,MN,Sibley,16.0,27.4,38.8
27145,MN,Stearns,14.0,23.1,36.0
27147,MN,Steele,14.6,23.0,37.6
27149,MN,Stevens,13.1,25.1,36.8
27151,MN,Swift,17.6,25.8,39.1
27153,MN,Todd,18.6,26.7,39.3
27155,MN,Traverse,15.9,28.0,38.7
27157,MN,Wabasha,14.4,21.7,37.5
27159,MN,Wadena,17.8,27.4,38.4
27161,MN,Waseca,15.7,25.3,39.1
27163,MN,Washington,10.9,18.2,32.5
27165,MN,Watonwan,14.9,29.5,36.8
27167,MN,Wilkin,16.6,24.6,38.6
27169,MN,Winona,14.9,22.7,36.3
27171,MN,Wright,12.5,20.3,35.4
27173,MN,Yellow Medicine,16.6,25.1,38.9
28001,MS,Adams,20.7,41.6,41.2
28003,MS,Alcorn,19.3,33.6,40.0
28005,MS,Amite,20.4,41.5,45.4
28007,MS,Attala,18.8,35.5,43.0
28009,MS,Benton,19.4,34.8,42.4
28011,MS,Bolivar,19.8,41.3,46.8
28013,MS,Calhoun,20.1,35.6,41.1
28015,MS,Carroll,19.4,36.2,40.0
28017,MS,Chickasaw,19.9,37.5,43.3
28019,MS,Choctaw,17.2,35.3,40.2
28021,MS,Claiborne,21.1,42.1,47.8
28023,MS,Clarke,19.8,33.5,38.9
28025,MS,Clay,19.1,38.8,47.9
28027,MS,Coahoma,22.0,42.8,46.4
28029,MS,Copiah,17.8,36.1,41.8
28031,MS,Covington,18.0,33.8,40.4
28033,MS,DeSoto,13.8,27.9,37.3
28035,MS,Forrest,15.2,30.6,35.8
28037,MS,Franklin,20.7,36.1,40.6
28039,MS,George,18.2,31.7,37.2
28041,MS,Greene,19.5,33.1,41.9
28043,MS,Grenada,18.5,37.0,46.1
28045,MS,Hancock,15.7,29.0,37.3
28047,MS,Harrison,16.5,35.0,36.6
28049,MS,Hinds,15.9,34.7,44.0
28051,MS,Holmes,23.5,45.0,50.7
28053,MS,Humphreys,23.2,46.2,53.0
28055,MS,Issaquena,24.0,42.1,47.3
28057,MS,Itawamba,16.1,31.8,37.0
28059,MS,Jackson,15.5,29.4,40.7
28061,MS,Jasper,19.4,38.1,45.2
28063,MS,Jefferson,22.1,43.3,51.7
28065,MS,Jefferson Davis,21.0,41.6,45.4
28067,MS,Jones,18.2,35.1,41.6
28069,MS,Kemper,19.3,36.6,45.6
28071,MS,Lafayette,12.9,28.1,37.0
28073,MS,Lamar,14.8,29.4,38.5
28075,MS,Lauderdale,18.5,35.7,42.1
28077,MS,Lawrence,22.1,40.8,46.3
28079,MS,Leake,19.6,36.8,42.8
28081,MS,Lee,15.4,31.2,36.3
28083,MS,Leflore,21.6,41.6,43.9
28085,MS,Lincoln,18.1,34.9,40.5
28087,MS,Lowndes,15.9,32.3,37.5
28089,MS,Madison,12.0,25.6,36.0
28091,MS,Marion,20.4,35.7,43.6
28093,MS,Marshall,20.3,38.2,41.9
28095,MS,Monroe,18.7,38.3,42.9
28097,MS,Montgomery,20.3,40.1,43.5
28099,MS,Neshoba,21.0,36.9,43.4
28101,MS,Newton,18.4,33.4,40.9
28103,MS,Noxubee,21.3,40.6,46.5
28105,MS,Oktibbeha,15.6,30.8,39.6
28107,MS,Panola,20.8,38.4,46.3
28109,MS,Pearl River,18.1,33.0,38.1
28111,MS,Perry,19.5,36.3,43.7
28113,MS,Pike,20.3,38.7,46.5
28115,MS,Pontotoc,17.7,34.2,38.9
28117,MS,Prentiss,18.5,34.0,41.3
28119,MS,Quitman,23.2,45.1,51.2
28121,MS,Rankin,13.1,27.2,36.4
28123,MS,Scott,20.7,39.8,43.4
28125,MS,Sharkey,22.8,46.6,50.3
28127,MS,Simpson,18.1,33.5,40.1
28129,MS,Smith,19.8,37.6,43.6
28131,MS,Stone,17.7,33.2,41.0
28133,MS,Sunflower,21.4,41.8,48.6
28135,MS,Tallahatchie,20.7,40.7,44.9
28137,MS,Tate,16.4,32.1,36.4
28139,MS,Tippah,18.7,34.8,43.3
28141,MS,Tishomingo,19.5,35.2,39.4
28143,MS,Tunica,23.5,45.1,50.8
28145,MS,Union,18.8,33.5,41.6
28147,MS,Walthall,19.3,35.8,43.1
28149,MS,Warren,16.1,32.9,43.8
28151,MS,Washington,21.2,39.4,44.2
28153,MS,Wayne,20.2,38.0,44.2
28155,MS,Webster,16.9,32.2,36.3
28157,MS,Wilkinson,20.6,40.3,47.4
28159,MS,Winston,19.8,36.0,42.0
28161,MS,Yalobusha,20.7,37.7,40.1
28163,MS,Yazoo,23.4,42.3,50.5
29001,MO,Adair,17.6,28.1,34.7
29003,MO,Andrew,15.4,27.3,36.0
29005,MO,Atchison,18.0,31.0,41.6
29007,MO,Audrain,20.6,34.8,40.0
29009,MO,Barry,20.7,36.6,37.7
29011,MO,Barton,22.2,35.8,40.7
29013,MO,Bates,21.0,32.2,41.0
29015,MO,Benton,19.3,34.7,38.9
29017,MO,Bollinger,20.6,34.7,39.3
29019,MO,Boone,12.2,23.8,31.6
29021,MO,Buchanan,19.1,32.7,43.1
29023,MO,Butler,22.1,36.1,41.3
29025,MO,Caldwell,18.5,30.7,38.9
29027,MO,Callaway,17.2,29.0,37.1
29029,MO,Camden,16.4,31.7,35.5
29031,MO,Cape Girardeau,16.1,28.4,34.7
29033,MO,Carroll,19.1,31.3,38.6
29035,MO,Carter,23.1,37.0,39.8
29037,MO,Cass,15.1,25.0,37.8
29039,MO,Cedar,20.3,35.3,40.1
29041,MO,Chariton,17.8,29.3,38.3
29043,MO,Christian,14.8,25.3,35.9
29045,MO,Clark,21.0,33.0,41.7
29047,MO,Clay,14.2,24.5,37.4
29049,MO,Clinton,17.0,30.3,39.1
29051,MO,Cole,14.2,27.4,36.6
29053,MO,Cooper,17.2,29.2,37.5
29055,MO,Crawford,20.8,33.7,41.9
29057,MO,Dade,20.9,32.3,40.5
29059,MO,Dallas,21.8,35.0,39.3
29061,MO,Daviess,19.6,31.7,38.4
29063,MO,DeKalb,18.1,30.3,39.2
29065,MO,Dent,19.9,34.1,39.5
29067,MO,Douglas,20.1,32.0,37.9
29069,MO,Dunklin,23.4,42.4,46.2
29071,MO,Franklin,16.6,29.4,39.3
29073,MO,Gasconade,17.6,28.0,39.3
29075,MO,Gentry,19.3,33.1,40.9
29077,MO,Greene,15.4,26.1,36.7
29079,MO,Grundy,20.5,32.5,39.6
29081,MO,Harrison,19.7,34.8,39.7
29083,MO,Henry,20.3,31.5,38.5
29085,MO,Hickory,24.6,41.1,43.0
29087,MO,Holt,17.6,33.3,36.6
29089,MO,Howard,15.7,28.3,34.8
29091,MO,Howell,22.1,34.4,36.8
29093,MO,Iron,20.5,33.0,42.1
29095,MO,Jackson,15.8,30.9,37.2
29097,MO,Jasper,18.5,32.4,40.2
29099,MO,Jefferson,16.5,26.6,40.3
29101,MO,Johnson,15.2,27.2,37.5
29103,MO,Knox,22.2,33.0,39.5
29105,MO,Laclede,21.4,34.6,38.5
29107,MO,Lafayette,16.5,27.2,37.0
29109,MO,Lawrence,20.8,35.3,40.1
29111,MO,Lewis,18.8,31.8,38.2
29113,MO,Lincoln,17.6,28.1,39.4
29115,MO,Linn,18.8,32.9,35.7
29117,MO,Livingston,19.1,30.6,39.4
29119,MO,McDonald,23.3,37.4,42.7
29121,MO,Macon,16.9,31.5,34.4
29123,MO,Madison,19.6,30.4,37.7
29125,MO,Maries,19.2,33.1,38.2
29127,MO,Marion,17.3,31.4,39.6
29129,MO,Mercer,20.8,33.2,41.4
29131,MO,Miller,18.6,31.5,37.3
29133,MO,Mississippi,23.6,41.4,47.6
29135,MO,Moniteau,18.2,29.5,39.2
29137,MO,Monroe,19.3,33.9,38.0
29139,MO,Montgomery,19.9,33.7,37.3
29141,MO,Morgan,21.1,34.1,38.2
29143,MO,New Madrid,21.4,36.9,43.0
29145,MO,Newton,18.4,29.9,38.8
29147,MO,Nodaway,17.5,27.8,39.5
29149,MO,Oregon,23.6,34.4,41.2
29151,MO,Osage,16.4,27.8,35.6
29153,MO,Ozark,23.1,35.5,42.5
29155,MO,Pemiscot,25.3,42.1,44.9
29157,MO,Perry,18.0,29.1,36.0
29159,MO,Pettis,17.9,30.9,36.1
29161,MO,Phelps,16.4,29.1,34.6
29163,MO,Pike,20.3,33.5,38.3
29165,MO,Platte,12.1,22.1,37.0
29167,MO,Polk,18.9,33.2,38.7
29169,MO,Pulaski,15.0,26.6,38.4
29171,MO,Putnam,17.1,31.5,35.1
29173,MO,Ralls,19.3,29.9,39.7
29175,MO,Randolph,19.7,30.7,37.6
29177,MO,Ray,18.9,31.3,39.6
29179,MO,Reynolds,21.8,33.8,41.2
29181,MO,Ripley,23.0,35.4,41.1
29183,MO,St. Charles,12.2,22.2,35.7
29185,MO,St. Clair,21.8,36.9,37.6
29186,MO,Ste. Genevieve,17.5,30.2,37.2
29187,MO,St. Francois,20.9,34.4,40.3
29189,MO,St. Louis,13.2,25.4,31.5
29195,MO,Saline,17.6,31.8,37.7
29197,MO,Schuyler,17.9,31.2,39.0
29199,MO,Scotland,19.1,31.5,37.1
29201,MO,Scott,19.6,34.7,38.1
29203,MO,Shannon,21.2,31.9,37.0
29205,MO,Shelby,20.5,32.7,40.3
29207,MO,Stoddard,22.2,33.2,37.6
29209,MO,Stone,17.3,32.9,41.1
29211,MO,Sullivan,19.3,35.4,40.4
29213,MO,Taney,17.9,29.4,36.4
29215,MO,Texas,22.3,36.5,42.2
29217,MO,Vernon,20.5,32.5,37.8
29219,MO,Warren,17.1,29.6,38.7
29221,MO,Washington,22.9,33.8,41.3
29223,MO,Wayne,23.9,39.1,41.3
29225,MO,Webster,19.5,31.1,41.7
29227,MO,Worth,19.2,31.9,40.7
29229,MO,Wright,23.0,36.3,42.2
29510,MO,St. Louis,16.5,26.9,37.0
30001,MT,Beaverhead,13.1,19.9,28.3
30003,MT,Big Horn,24.7,28.3,35.8
30005,MT,Blaine,20.8,26.6,41.6
30007,MT,Broadwater,14.1,21.6,30.3
30009,MT,Carbon,13.4,22.2,33.0
30011,MT,Carter,15.9,24.9,32.9
30013,MT,Cascade,15.1,23.5,35.9
30015,MT,Chouteau,16.6,24.3,35.8
30017,MT,Custer,14.8,22.2,32.6
30019,MT,Daniels,14.2,22.6,33.5
30021,MT,Dawson,13.5,21.1,32.8
30023,MT,Deer Lodge,17.5,23.1,32.2
30025,MT,Fallon,14.7,22.0,31.4
30027,MT,Fergus,14.6,23.8,31.2
30029,MT,Flathead,12.9,19.3,30.8
30031,MT,Gallatin,9.7,13.9,23.0
30033,MT,Garfield,15.5,24.6,30.7
30035,MT,Glacier,26.5,32.2,39.7
30037,MT,Golden Valley,17.4,24.3,32.8
30039,MT,Granite,14.3,21.4,30.6
30041,MT,Hill,18.2,24.8,38.5
30043,MT,Jefferson,12.7,19.6,32.1
30045,MT,Judith Basin,15.7,22.3,31.5
30047,MT,Lake,16.2,21.9,33.0
30049,MT,Lewis and Clark,12.0,18.3,30.8
30051,MT,Liberty,18.6,25.4,34.0
30053,MT,Lincoln,17.4,27.0,37.6
30055,MT,McCone,12.7,22.6,32.4
30057,MT,Madison,12.7,17.3,28.7
30059,MT,Meagher,14.3,20.7,32.3
30061,MT,Mineral,15.6,22.3,35.8
30063,MT,Missoula,11.5,16.5,26.9
30065,MT,Musselshell,15.4,24.3,35.6
30067,MT,Park,13.5,22.2,30.0
30069,MT,Petroleum,13.9,20.6,32.9
30071,MT,Phillips,15.1,24.8,38.8
30073,MT,Pondera,19.1,29.1,37.5
30075,MT,Powder River,13.3,19.7,30.6
30077,MT,Powell,17.1,25.1,35.8
30079,MT,Prairie,17.5,30.9,34.0
30081,MT,Ravalli,12.7,20.4,31.7
30083,MT,Richland,13.8,22.3,37.9
30085,MT,Roosevelt,23.7,29.5,41.3
30087,MT,Rosebud,20.2,26.4,39.5
30089,MT,Sanders,17.5,26.2,34.9
30091,MT,Sheridan,14.7,21.6,35.5
30093,MT,Silver Bow,14.8,22.0,32.3
30095,MT,Stillwater,13.2,21.0,30.2
30097,MT,Sweet Grass,13.0,19.6,29.4
30099,MT,Teton,14.9,24.0,31.3
30101,MT,Toole,19.3,26.7,35.4
30103,MT,Treasure,14.4,23.6,34.1
30105,MT,Valley,15.1,24.6,32.7
30107,MT,Wheatland,17.9,26.8,32.3
30109,MT,Wibaux,14.4,24.1,32.5
30111,MT,Yellowstone,13.9,20.8,34.0
31001,NE,Adams,14.3,25.8,41.9
31003,NE,Antelope,14.4,26.0,42.4
31005,NE,Arthur,14.6,26.6,41.7
31007,NE,Banner,13.0,27.2,38.5
31009,NE,Blaine,15.5,29.2,38.8
31011,NE,Boone,14.8,26.8,33.4
31013,NE,Box Butte,15.3,28.7,38.8
31015,NE,Boyd,16.3,30.5,37.9
31017,NE,Brown,15.7,29.2,41.0
31019,NE,Buffalo,13.3,23.7,38.9
31021,NE,Burt,15.2,26.7,40.3
31023,NE,Butler,14.1,27.3,38.6
31025,NE,Cass,13.0,25.2,39.6
31027,NE,Cedar,13.2,25.4,40.5
31029,NE,Chase,14.0,27.7,37.3
31031,NE,Cherry,15.9,28.4,40.9
31033,NE,Cheyenne,15.1,29.9,34.7
31035,NE,Clay,15.2,25.9,40.1
31037,NE,Colfax,14.5,31.8,39.0
31039,NE,Cuming,14.2,26.5,40.4
31041,NE,Custer,14.1,26.0,40.2
31043,NE,Dakota,14.9,32.7,44.6
31045,NE,Dawes,12.3,25.5,35.5
31047,NE,Dawson,15.0,32.0,41.4
31049,NE,Deuel,15.0,26.3,39.8
31051,NE,Dixon,15.3,31.3,43.3
31053,NE,Dodge,15.0,27.2,39.7
31055,NE,Douglas,13.4,22.1,36.9
31057,NE,Dundy,14.3,29.6,37.4
31059,NE,Fillmore,14.4,28.6,42.1
31061,NE,Franklin,15.9,27.6,39.2
31063,NE,Frontier,13.0,26.7,37.4
31065,NE,Furnas,15.9,29.1,44.4
31067,NE,Gage,15.8,26.5,41.8
31069,NE,Garden,15.9,28.9,40.6
31071,NE,Garfield,13.6,23.7,38.8
31073,NE,Gosper,13.2,26.5,38.4
31075,NE,Grant,13.3,23.5,36.5
31077,NE,Greeley,14.3,26.0,35.3
31079,NE,Hall,14.6,31.2,41.2
31081,NE,Hamilton,12.9,23.0,40.8
31083,NE,Harlan,14.7,26.4,35.4
31085,NE,Hayes,15.4,28.0,41.0
31087,NE,Hitchcock,14.8,29.8,41.6
31089,NE,Holt,14.3,29.4,38.7
31091,NE,Hooker,15.6,26.0,40.3
31093,NE,Howard,14.3,27.6,38.6
31095,NE,Jefferson,14.6,26.9,37.4
31097,NE,Johnson,15.6,30.3,38.1
31099,NE,Kearney,12.8,23.1,38.4
31101,NE,Keith,14.8,31.1,35.7
31103,NE,Keya Paha,15.7,26.4,36.6
31105,NE,Kimball,17.9,30.9,42.5
31107,NE,Knox,17.2,29.9,39.8
31109,NE,Lancaster,11.7,20.5,35.7
31111,NE,Lincoln,15.5,27.5,40.1
31113,NE,Logan,12.5,23.7,35.9
31115,NE,Loup,13.6,27.2,36.7
31117,NE,McPherson,13.2,28.6,39.3
31119,NE,Madison,14.4,27.7,40.0
31121,NE,Merrick,15.0,28.8,39.3
31123,NE,Morrill,15.9,32.1,41.9
31125,NE,Nance,16.7,28.6,40.7
31127,NE,Nemaha,14.8,28.6,40.7
31129,NE,Nuckolls,13.5,24.9,41.8
31131,NE,Otoe,13.7,27.3,40.7
31133,NE,Pawnee,17.2,29.5,38.4
31135,NE,Perkins,14.3,24.6,40.6
31137,NE,Phelps,14.5,27.2,39.1
31139,NE,Pierce,14.3,25.1,39.2
31141,NE,Platte,13.8,27.2,41.8
31143,NE,Polk,13.6,28.3,40.4
31145,NE,Red Willow,14.3,29.6,42.5
31147,NE,Richardson,16.6,31.5,45.3
31149,NE,Rock,13.4,27.6,38.8
31151,NE,Saline,14.5,29.2,40.4
31153,NE,Sarpy,11.1,21.3,35.6
31155,NE,Saunders,12.9,23.5,39.3
31157,NE,Scotts Bluff,14.6,27.8,39.6
31159,NE,Seward,12.6,23.2,35.6
31161,NE,Sheridan,15.0,29.1,36.7
31163,NE,Sherman,16.1,26.9,41.4
31165,NE,Sioux,18.2,29.3,42.6
31167,NE,Stanton,13.6,27.5,39.8
31169,NE,Thayer,15.0,26.6,40.0
31171,NE,Thomas,12.9,25.8,36.6
31173,NE,Thurston,21.0,30.0,45.4
31175,NE,Valley,14.0,25.9,42.2
31177,NE,Washington,12.3,23.1,41.2
31179,NE,Wayne,14.3,25.2,37.3
31181,NE,Webster,14.6,27.0,39.1
31183,NE,Wheeler,12.8,23.5,38.3
31185,NE,York,14.1,25.6,40.9
32001,NV,Churchill,16.4,25.2,37.9
32003,NV,Clark,14.8,26.5,31.2
32005,NV,Douglas,12.6,21.4,27.1
32007,NV,Elko,17.1,25.6,38.0
32009,NV,Esmeralda,19.0,28.9,36.6
32011,NV,Eureka,21.3,29.4,38.8
32013,NV,Humboldt,15.6,26.8,36.0
32015,NV,Lander,17.8,27.4,34.9
32017,NV,Lincoln,15.6,22.1,31.6
32019,NV,Lyon,15.9,25.9,35.2
32021,NV,Mineral,22.2,31.6,38.4
32023,NV,Nye,18.6,32.1,39.7
32027,NV,Pershing,16.8,26.5,35.7
32029,NV,Storey,12.1,19.6,31.8
32031,NV,Washoe,12.6,21.6,28.5
32033,NV,White Pine,17.5,26.8,34.4
32510,NV,Carson City,14.7,23.6,33.1
33001,NH,Belknap,12.4,18.9,30.5
33003,NH,Carroll,11.2,18.0,30.7
33005,NH,Cheshire,11.9,20.8,29.9
33007,NH,Coos,15.6,25.6,36.1
33009,NH,Grafton,11.4,19.7,26.5
33011,NH,Hillsborough,10.7,21.4,32.8
33013,NH,Merrimack,10.6,18.8,33.2
33015,NH,Rockingham,9.9,17.4,30.7
33017,NH,Strafford,11.3,19.3,32.4
33019,NH,Sullivan,13.0,22.7,33.5
34001,NJ,Atlantic,12.9,26.7,30.9
34003,NJ,Bergen,8.4,20.6,25.6
34005,NJ,Burlington,11.0,22.5,30.2
34007,NJ,Camden,13.1,25.5,29.8
34009,NJ,Cape May,12.5,22.9,33.9
34011,NJ,Cumberland,16.6,32.0,40.4
34013,NJ,Essex,12.3,28.9,29.6
34015,NJ,Gloucester,11.9,22.7,31.5
34017,NJ,Hudson,10.6,27.9,27.8
34019,NJ,Hunterdon,8.8,17.9,26.3
34021,NJ,Mercer,10.5,24.4,25.5
34023,NJ,Middlesex,10.1,24.7,29.7
34025,NJ,Monmouth,9.8,18.4,30.3
34027,NJ,Morris,8.5,18.1,22.8
34029,NJ,Ocean,14.0,23.8,29.8
34031,NJ,Passaic,12.5,30.5,31.1
34033,NJ,Salem,14.7,26.5,34.0
34035,NJ,Somerset,8.2,19.8,25.8
34037,NJ,Sussex,11.2,20.1,26.9
34039,NJ,Union,11.4,24.8,29.4
34041,NJ,Warren,11.7,23.6,32.3
35001,NM,Bernalillo,12.0,23.2,33.2
35003,NM,Catron,14.8,27.3,32.2
35005,NM,Chaves,15.5,30.4,40.3
35006,NM,Cibola,19.7,28.7,39.1
35007,NM,Colfax,14.0,25.2,31.5
35009,NM,Curry,15.1,28.5,39.4
35011,NM,De Baca,14.8,27.7,33.0
35013,NM,DoÃ±a Ana,12.1,27.8,37.5
35015,NM,Eddy,13.3,26.4,39.8
35017,NM,Grant,13.7,28.3,33.9
35019,NM,Guadalupe,14.6,33.2,37.5
35021,NM,Harding,14.3,32.2,35.3
35023,NM,Hidalgo,15.3,28.9,34.7
35025,NM,Lea,14.8,30.2,37.0
35027,NM,Lincoln,13.3,22.9,30.0
35028,NM,Los Alamos,7.1,13.5,25.4
35029,NM,Luna,18.0,34.6,35.7
35031,NM,McKinley,26.8,32.1,41.4
35033,NM,Mora,10.6,27.6,33.1
35035,NM,Otero,14.9,24.4,38.1
35037,NM,Quay,16.6,29.2,38.2
35039,NM,Rio Arriba,14.2,30.8,40.2
35041,NM,Roosevelt,15.0,27.6,34.7
35043,NM,Sandoval,11.4,22.1,32.6
35045,NM,San Juan,20.5,25.8,35.2
35047,NM,San Miguel,12.3,29.8,38.0
35049,NM,Santa Fe,10.4,21.4,25.6
35051,NM,Sierra,15.8,27.2,36.8
35053,NM,Socorro,16.8,30.9,37.5
35055,NM,Taos,11.7,25.2,28.1
35057,NM,Torrance,17.0,30.7,34.7
35059,NM,Union,15.9,28.2,34.7
35061,NM,Valencia,13.7,29.0,35.4
36001,NY,Albany,10.5,21.0,30.9
36003,NY,Allegany,15.4,25.5,34.4
36005,NY,Bronx,13.2,37.5,33.5
36007,NY,Broome,14.6,24.4,33.1
36009,NY,Cattaraugus,17.1,28.4,35.7
36011,NY,Cayuga,15.5,28.1,35.7
36013,NY,Chautauqua,14.9,26.3,36.7
36015,NY,Chemung,14.9,25.1,30.8
36017,NY,Chenango,15.7,25.7,36.1
36019,NY,Clinton,15.2,25.9,33.8
36021,NY,Columbia,12.9,22.3,30.8
36023,NY,Cortland,14.4,23.8,32.3
36025,NY,Delaware,14.5,28.6,33.4
36027,NY,Dutchess,11.3,20.7,28.5
36029,NY,Erie,12.8,24.8,33.0
36031,NY,Essex,14.0,23.4,34.8
36033,NY,Franklin,16.3,28.9,40.7
36035,NY,Fulton,16.0,26.7,35.8
36037,NY,Genesee,13.9,24.8,30.1
36039,NY,Greene,13.5,26.2,34.5
36041,NY,Hamilton,14.2,27.0,31.0
36043,NY,Herkimer,14.6,26.2,37.0
36045,NY,Jefferson,14.8,25.5,37.8
36047,NY,Kings,12.1,25.7,25.0
36049,NY,Lewis,15.4,26.0,40.9
36051,NY,Livingston,13.3,23.1,31.9
36053,NY,Madison,12.5,21.6,36.4
36055,NY,Monroe,11.6,25.4,31.4
36057,NY,Montgomery,15.5,27.7,38.9
36059,NY,Nassau,8.7,23.2,28.4
36061,NY,New York,8.5,20.0,19.2
36063,NY,Niagara,13.7,24.8,39.5
36065,NY,Oneida,14.7,28.1,36.1
36067,NY,Onondaga,12.4,23.1,37.4
36069,NY,Ontario,11.9,22.0,30.8
36071,NY,Orange,12.2,25.6,32.4
36073,NY,Orleans,15.7,28.3,32.8
36075,NY,Oswego,16.2,28.5,36.7
36077,NY,Otsego,14.0,23.8,29.9
36079,NY,Putnam,9.6,20.4,27.3
36081,NY,Queens,11.0,31.0,24.0
36083,NY,Rensselaer,11.9,22.5,31.7
36085,NY,Richmond,12.1,26.5,30.0
36087,NY,Rockland,11.4,27.2,30.5
36089,NY,St. Lawrence,15.3,27.4,42.9
36091,NY,Saratoga,10.6,19.8,33.1
36093,NY,Schenectady,12.1,21.9,34.3
36095,NY,Schoharie,14.3,23.6,33.0
36097,NY,Schuyler,15.1,26.2,31.7
36099,NY,Seneca,15.7,28.4,34.8
36101,NY,Steuben,14.6,24.5,34.8
36103,NY,Suffolk,9.6,23.1,29.7
36105,NY,Sullivan,13.7,28.7,31.9
36107,NY,Tioga,13.9,24.2,30.5
36109,NY,Tompkins,10.8,19.0,24.6
36111,NY,Ulster,11.8,22.8,30.6
36113,NY,Warren,12.6,21.5,31.0
36115,NY,Washington,14.9,26.7,31.2
36117,NY,Wayne,14.2,26.0,37.1
36119,NY,Westchester,9.2,21.0,26.0
36121,NY,Wyoming,15.1,24.6,35.4
36123,NY,Yates,15.8,25.0,34.5
37001,NC,Alamance,14.3,24.4,38.5
37003,NC,Alexander,16.8,26.3,36.5
37005,NC,Alleghany,17.2,29.6,36.6
37007,NC,Anson,19.7,31.7,43.3
37009,NC,Ashe,16.2,23.8,36.2
37011,NC,Avery,16.5,25.4,37.1
37013,NC,Beaufort,16.8,28.3,37.0
37015,NC,Bertie,18.3,34.2,43.0
37017,NC,Bladen,16.8,31.3,41.3
37019,NC,Brunswick,13.0,19.9,32.9
37021,NC,Buncombe,12.3,19.2,31.2
37023,NC,Burke,17.4,28.4,36.7
37025,NC,Cabarrus,12.1,21.3,33.3
37027,NC,Caldwell,17.0,25.5,33.4
37029,NC,Camden,13.1,21.2,35.2
37031,NC,Carteret,12.7,22.1,33.7
37033,NC,Caswell,17.4,26.9,39.1
37035,NC,Catawba,15.0,24.3,37.4
37037,NC,Chatham,11.5,22.5,30.1
37039,NC,Cherokee,15.6,27.1,34.8
37041,NC,Chowan,17.6,30.2,40.6
37043,NC,Clay,13.8,25.5,35.3
37045,NC,Cleveland,16.4,27.5,38.6
37047,NC,Columbus,19.0,31.1,41.2
37049,NC,Craven,14.8,24.8,37.5
37051,NC,Cumberland,14.8,25.9,40.1
37053,NC,Currituck,12.9,20.4,33.6
37055,NC,Dare,11.4,18.4,31.0
37057,NC,Davidson,15.8,25.1,36.0
37059,NC,Davie,14.0,23.6,33.4
37061,NC,Duplin,16.3,28.5,39.4
37063,NC,Durham,10.7,21.6,36.1
37065,NC,Edgecombe,18.4,33.5,43.7
37067,NC,Forsyth,13.8,24.5,41.2
37069,NC,Franklin,14.8,24.0,38.8
37071,NC,Gaston,15.0,25.3,36.2
37073,NC,Gates,16.6,26.7,38.5
37075,NC,Graham,16.6,25.7,35.1
37077,NC,Granville,15.4,26.5,36.2
37079,NC,Greene,19.7,32.4,42.7
37081,NC,Guilford,13.5,23.7,38.6
37083,NC,Halifax,19.8,35.2,42.6
37085,NC,Harnett,15.3,25.7,36.9
37087,NC,Haywood,14.4,21.8,33.2
37089,NC,Henderson,12.7,21.0,30.3
37091,NC,Hertford,18.8,31.6,43.3
37093,NC,Hoke,16.2,28.1,38.5
37095,NC,Hyde,19.0,31.5,41.0
37097,NC,Iredell,12.9,21.6,32.8
37099,NC,Jackson,16.1,24.2,36.7
37101,NC,Johnston,14.2,23.1,34.5
37103,NC,Jones,18.6,28.6,39.6
37105,NC,Lee,15.6,27.4,37.8
37107,NC,Lenoir,20.0,34.2,42.5
37109,NC,Lincoln,14.0,22.9,34.4
37111,NC,McDowell,17.3,24.6,35.2
37113,NC,Macon,14.9,27.0,35.3
37115,NC,Madison,14.6,23.0,34.9
37117,NC,Martin,18.2,31.2,40.4
37119,NC,Mecklenburg,10.8,20.9,29.7
37121,NC,Mitchell,15.1,24.9,37.2
37123,NC,Montgomery,16.9,27.3,38.7
37125,NC,Moore,11.4,19.2,32.8
37127,NC,Nash,15.9,27.5,38.3
37129,NC,New Hanover,12.2,20.9,31.1
37131,NC,Northampton,18.4,33.6,42.7
37133,NC,Onslow,15.1,20.9,36.0
37135,NC,Orange,10.3,18.1,29.5
37137,NC,Pamlico,15.1,23.5,36.0
37139,NC,Pasquotank,13.9,24.4,38.7
37141,NC,Pender,14.3,22.1,36.3
37143,NC,Perquimans,15.9,24.6,37.5
37145,NC,Person,16.5,28.4,38.5
37147,NC,Pitt,13.8,25.9,40.8
37149,NC,Polk,14.1,25.1,35.7
37151,NC,Randolph,16.9,27.8,39.9
37153,NC,Richmond,19.5,32.1,43.0
37155,NC,Robeson,22.5,35.6,48.1
37157,NC,Rockingham,17.6,26.8,37.3
37159,NC,Rowan,15.9,27.3,37.4
37161,NC,Rutherford,17.3,26.8,38.0
37163,NC,Sampson,17.5,30.6,41.8
37165,NC,Scotland,22.0,33.7,45.2
37167,NC,Stanly,16.0,24.2,36.3
37169,NC,Stokes,16.2,26.3,36.8
37171,NC,Surry,17.5,27.1,40.9
37173,NC,Swain,20.4,28.0,40.7
37175,NC,Transylvania,13.1,19.7,34.4
37177,NC,Tyrrell,18.8,32.1,41.3
37179,NC,Union,11.8,21.1,33.4
37181,NC,Vance,17.8,30.0,42.6
37183,NC,Wake,9.6,18.0,29.3
37185,NC,Warren,18.6,33.8,43.9
37187,NC,Washington,20.2,35.0,43.6
37189,NC,Watauga,15.1,21.5,37.0
37191,NC,Wayne,16.8,27.6,39.5
37193,NC,Wilkes,17.1,28.0,38.0
37195,NC,Wilson,18.4,31.9,38.4
37197,NC,Yadkin,16.7,27.1,36.3
37199,NC,Yancey,16.6,24.0,35.6
38001,ND,Adams,16.7,25.6,35.7
38003,ND,Barnes,14.3,23.8,38.5
38005,ND,Benson,23.1,31.3,43.8
38007,ND,Billings,13.5,24.8,36.4
38009,ND,Bottineau,13.4,24.4,37.7
38011,ND,Bowman,14.5,24.5,36.7
38013,ND,Burke,13.5,22.6,37.2
38015,ND,Burleigh,11.8,18.4,35.5
38017,ND,Cass,12.0,18.3,33.8
38019,ND,Cavalier,13.4,23.9,40.1
38021,ND,Dickey,13.8,24.3,38.7
38023,ND,Divide,14.1,23.1,37.4
38025,ND,Dunn,14.8,22.7,36.5
38027,ND,Eddy,16.8,27.5,38.7
38029,ND,Emmons,14.7,26.0,38.8
38031,ND,Foster,13.3,24.4,35.7
38033,ND,Golden Valley,16.5,25.7,37.6
38035,ND,Grand Forks,12.9,21.5,35.2
38037,ND,Grant,17.8,30.9,41.3
38039,ND,Griggs,12.3,20.7,36.8
38041,ND,Hettinger,15.3,25.1,37.9
38043,ND,Kidder,14.5,26.9,39.9
38045,ND,LaMoure,15.0,25.8,34.4
38047,ND,Logan,14.9,25.0,39.8
38049,ND,McHenry,15.5,24.2,41.7
38051,ND,McIntosh,17.1,29.2,35.8
38053,ND,McKenzie,15.0,24.2,40.9
38055,ND,McLean,13.6,25.2,40.2
38057,ND,Mercer,15.1,23.3,39.6
38059,ND,Morton,13.6,22.5,38.4
38061,ND,Mountrail,19.2,29.4,41.8
38063,ND,Nelson,13.9,23.8,39.6
38065,ND,Oliver,13.7,21.7,34.6
38067,ND,Pembina,14.7,26.5,42.1
38069,ND,Pierce,14.9,25.8,40.9
38071,ND,Ramsey,15.4,24.4,41.4
38073,ND,Ransom,14.8,25.1,37.9
38075,ND,Renville,14.4,24.4,39.0
38077,ND,Richland,13.2,23.7,36.1
38079,ND,Rolette,26.2,34.5,50.2
38081,ND,Sargent,13.8,24.5,41.3
38083,ND,Sheridan,13.8,23.6,37.6
38085,ND,Sioux,33.6,39.1,49.7
38087,ND,Slope,15.2,27.0,38.3
38089,ND,Stark,14.3,23.2,37.5
38091,ND,Steele,14.8,22.4,35.0
38093,ND,Stutsman,15.3,24.7,40.3
38095,ND,Towner,16.9,30.3,43.9
38097,ND,Traill,13.0,22.5,38.2
38099,ND,Walsh,14.8,26.7,36.0
38101,ND,Ward,12.6,22.6,33.9
38103,ND,Wells,15.9,23.7,38.2
38105,ND,Williams,15.6,24.1,40.2
39001,OH,Adams,21.9,35.3,40.3
39003,OH,Allen,17.6,28.1,39.7
39005,OH,Ashland,18.4,29.0,38.5
39007,OH,Ashtabula,20.5,32.7,45.7
39009,OH,Athens,15.2,26.5,37.9
39011,OH,Auglaize,15.7,25.0,39.5
39013,OH,Belmont,18.6,30.2,40.9
39015,OH,Brown,19.7,32.3,41.6
39017,OH,Butler,15.2,27.8,39.6
39019,OH,Carroll,19.0,30.0,38.9
39021,OH,Champaign,16.4,25.9,43.2
39023,OH,Clark,18.5,33.5,42.4
39025,OH,Clermont,15.7,25.3,34.4
39027,OH,Clinton,18.3,30.3,39.7
39029,OH,Columbiana,18.5,29.8,41.0
39031,OH,Coshocton,20.6,32.3,41.4
39033,OH,Crawford,19.0,30.2,39.5
39035,OH,Cuyahoga,14.8,24.7,35.3
39037,OH,Darke,18.4,30.0,36.6
39039,OH,Defiance,16.4,26.4,35.3
39041,OH,Delaware,10.1,17.7,31.5
39043,OH,Erie,14.9,28.0,40.1
39045,OH,Fairfield,14.4,23.5,35.3
39047,OH,Fayette,19.9,30.8,41.3
39049,OH,Franklin,14.0,23.7,33.7
39051,OH,Fulton,15.1,25.7,36.8
39053,OH,Gallia,20.8,35.2,36.6
39055,OH,Geauga,12.8,21.2,32.7
39057,OH,Greene,12.3,21.9,38.5
39059,OH,Guernsey,19.0,30.8,38.3
39061,OH,Hamilton,14.3,23.8,35.6
39063,OH,Hancock,14.5,26.7,39.6
39065,OH,Hardin,17.7,30.4,40.3
39067,OH,Harrison,19.5,31.6,41.4
39069,OH,Henry,16.1,26.4,38.6
39071,OH,Highland,20.0,32.7,41.1
39073,OH,Hocking,20.8,33.4,36.1
39075,OH,Holmes,22.3,33.9,38.2
39077,OH,Huron,17.2,28.9,35.0
39079,OH,Jackson,20.3,33.8,44.5
39081,OH,Jefferson,18.6,31.3,43.1
39083,OH,Knox,16.4,27.6,37.1
39085,OH,Lake,14.5,25.4,36.8
39087,OH,Lawrence,19.8,30.6,41.6
39089,OH,Licking,15.6,24.1,37.5
39091,OH,Logan,17.7,29.2,39.3
39093,OH,Lorain,15.0,29.0,36.7
39095,OH,Lucas,16.8,28.9,36.2
39097,OH,Madison,16.5,26.9,36.8
39099,OH,Mahoning,16.9,28.2,38.9
39101,OH,Marion,19.9,33.8,44.2
39103,OH,Medina,13.2,22.6,35.9
39105,OH,Meigs,22.5,36.9,44.5
39107,OH,Mercer,15.5,26.0,36.4
39109,OH,Miami,15.3,26.1,33.6
39111,OH,Monroe,20.0,34.0,40.4
39113,OH,Montgomery,15.2,29.3,37.0
39115,OH,Morgan,19.5,33.5,41.1
39117,OH,Morrow,17.8,29.8,39.4
39119,OH,Muskingum,18.5,28.5,43.9
39121,OH,Noble,19.7,33.6,41.6
39123,OH,Ottawa,14.0,25.6,38.0
39125,OH,Paulding,17.2,30.8,41.1
39127,OH,Perry,19.4,32.1,38.6
39129,OH,Pickaway,17.9,28.5,39.8
39131,OH,Pike,23.3,36.6,43.0
39133,OH,Portage,15.7,24.7,34.0
39135,OH,Preble,17.3,28.4,39.7
39137,OH,Putnam,14.2,24.7,43.5
39139,OH,Richland,18.0,30.2,39.0
39141,OH,Ross,19.8,29.4,43.9
39143,OH,Sandusky,16.6,27.7,40.7
39145,OH,Scioto,20.8,34.5,44.7
39147,OH,Seneca,17.2,28.3,35.8
39149,OH,Shelby,17.0,28.0,39.5
39151,OH,Stark,17.6,29.1,40.5
39153,OH,Summit,14.6,26.2,37.5
39155,OH,Trumbull,19.1,31.3,39.7
39157,OH,Tuscarawas,17.5,29.9,43.4
39159,OH,Union,12.6,22.8,39.0
39161,OH,Van Wert,17.0,29.3,37.4
39163,OH,Vinton,21.3,31.3,40.3
39165,OH,Warren,12.1,19.6,32.1
39167,OH,Washington,17.8,29.9,43.7
39169,OH,Wayne,16.3,27.3,37.5
39171,OH,Williams,17.8,31.6,40.6
39173,OH,Wood,13.9,22.9,37.4
39175,OH,Wyandot,15.5,27.1,35.6
40001,OK,Adair,26.2,40.8,46.2
40003,OK,Alfalfa,17.9,29.9,39.6
40005,OK,Atoka,21.3,33.3,40.3
40007,OK,Beaver,15.8,33.9,38.4
40009,OK,Beckham,20.0,35.0,40.1
40011,OK,Blaine,17.6,31.5,38.3
40013,OK,Bryan,19.0,33.3,40.0
40015,OK,Caddo,21.8,36.9,40.2
40017,OK,Canadian,13.2,26.8,38.6
40019,OK,Carter,18.0,34.6,39.7
40021,OK,Cherokee,18.9,31.6,42.9
40023,OK,Choctaw,22.3,38.6,45.4
40025,OK,Cimarron,13.0,29.1,37.6
40027,OK,Cleveland,13.2,26.6,36.3
40029,OK,Coal,23.1,39.2,42.6
40031,OK,Comanche,17.6,33.4,43.0
40033,OK,Cotton,19.3,33.0,43.1
40035,OK,Craig,22.8,34.4,41.8
40037,OK,Creek,18.4,29.9,39.8
40039,OK,Custer,17.0,32.1,43.1
40041,OK,Delaware,21.6,35.9,37.8
40043,OK,Dewey,17.5,30.8,38.4
40045,OK,Ellis,16.4,33.2,40.1
40047,OK,Garfield,17.3,32.0,42.1
40049,OK,Garvin,19.2,34.4,38.5
40051,OK,Grady,16.4,29.3,38.3
40053,OK,Grant,16.9,32.5,36.5
40055,OK,Greer,18.2,32.1,42.2
40057,OK,Harmon,17.8,37.7,42.4
40059,OK,Harper,16.2,31.6,39.3
40061,OK,Haskell,20.7,36.3,42.2
40063,OK,Hughes,22.5,36.5,41.9
40065,OK,Jackson,16.1,34.0,41.1
40067,OK,Jefferson,20.9,38.3,41.2
40069,OK,Johnston,22.1,35.8,39.4
40071,OK,Kay,19.6,32.1,42.6
40073,OK,Kingfisher,15.8,32.5,37.2
40075,OK,Kiowa,20.5,36.4,42.7
40077,OK,Latimer,23.8,37.9,42.3
40079,OK,Le Flore,22.4,36.6,40.3
40081,OK,Lincoln,19.2,31.6,44.1
40083,OK,Logan,15.5,28.8,40.2
40085,OK,Love,18.8,35.0,38.8
40087,OK,McClain,15.2,28.6,38.1
40089,OK,McCurtain,21.2,36.5,42.6
40091,OK,McIntosh,22.9,39.8,44.8
40093,OK,Major,17.6,33.9,41.9
40095,OK,Marshall,18.7,37.3,39.7
40097,OK,Mayes,20.3,33.5,41.6
40099,OK,Murray,17.9,32.9,41.4
40101,OK,Muskogee,21.2,35.0,41.5
40103,OK,Noble,17.4,31.1,41.8
40105,OK,Nowata,20.6,35.1,40.3
40107,OK,Okfuskee,24.4,39.0,45.8
40109,OK,Oklahoma,14.5,29.2,37.7
40111,OK,Okmulgee,20.8,36.0,45.0
40113,OK,Osage,18.4,31.9,46.4
40115,OK,Ottawa,22.3,35.4,42.3
40117,OK,Pawnee,19.3,31.5,39.7
40119,OK,Payne,17.0,27.1,33.9
40121,OK,Pittsburg,19.8,33.8,40.3
40123,OK,Pontotoc,17.1,29.7,39.9
40125,OK,Pottawatomie,18.5,31.5,41.2
40127,OK,Pushmataha,24.4,39.6,39.1
40129,OK,Roger Mills,18.2,31.4,40.3
40131,OK,Rogers,15.7,27.4,39.9
40133,OK,Seminole,22.5,37.9,45.0
40135,OK,Sequoyah,22.8,35.7,47.1
40137,OK,Stephens,19.1,34.3,39.1
40139,OK,Texas,16.0,37.4,44.1
40141,OK,Tillman,18.1,35.5,44.0
40143,OK,Tulsa,15.0,30.8,35.7
40145,OK,Wagoner,15.5,28.4,36.1
40147,OK,Washington,17.6,29.5,42.7
40149,OK,Washita,17.5,32.5,39.5
40151,OK,Woods,16.7,29.1,39.0
40153,OK,Woodward,16.9,29.7,41.5
41001,OR,Baker,13.8,21.3,37.8
41003,OR,Benton,11.3,16.7,28.3
41005,OR,Clackamas,10.6,18.6,34.0
41007,OR,Clatsop,13.6,21.5,34.8
41009,OR,Columbia,14.3,20.7,33.1
41011,OR,Coos,15.9,21.7,34.2
41013,OR,Crook,13.0,19.4,36.0
41015,OR,Curry,13.4,20.4,38.6
41017,OR,Deschutes,10.7,16.6,26.8
41019,OR,Douglas,14.5,23.5,37.6
41021,OR,Gilliam,15.7,25.5,35.8
41023,OR,Grant,15.5,21.7,33.6
41025,OR,Harney,17.0,24.0,39.0
41027,OR,Hood River,11.4,20.7,31.3
41029,OR,Jackson,12.9,21.8,33.0
41031,OR,Jefferson,14.6,22.2,35.5
41033,OR,Josephine,16.4,25.7,34.0
41035,OR,Klamath,15.7,24.9,37.9
41037,OR,Lake,15.6,23.5,37.7
41039,OR,Lane,12.2,18.6,35.2
41041,OR,Lincoln,13.6,21.0,35.7
41043,OR,Linn,14.5,21.5,40.1
41045,OR,Malheur,15.9,28.3,41.2
41047,OR,Marion,12.4,22.2,43.6
41049,OR,Morrow,16.0,27.9,39.2
41051,OR,Multnomah,11.7,17.5,28.9
41053,OR,Polk,11.8,19.6,32.5
41055,OR,Sherman,15.3,24.7,36.7
41057,OR,Tillamook,13.7,22.1,32.1
41059,OR,Umatilla,14.6,25.0,37.7
41061,OR,Union,13.7,21.7,35.8
41063,OR,Wallowa,12.3,18.0,34.2
41065,OR,Wasco,14.8,23.6,38.0
41067,OR,Washington,9.7,17.4,32.4
41069,OR,Wheeler,14.1,25.8,36.9
41071,OR,Yamhill,12.2,20.8,37.3
44001,RI,Bristol,10.6,18.8,26.0
44003,RI,Kent,12.8,22.3,33.0
44005,RI,Newport,9.2,20.1,27.9
44007,RI,Providence,12.5,28.2,33.4
44009,RI,Washington,10.4,16.8,27.0
45001,SC,Abbeville,16.9,29.1,38.0
45003,SC,Aiken,13.8,25.1,34.5
45005,SC,Allendale,19.0,38.4,46.7
45007,SC,Anderson,14.4,25.3,36.2
45009,SC,Bamberg,16.3,32.7,43.1
45011,SC,Barnwell,20.1,34.5,44.2
45013,SC,Beaufort,9.6,19.9,29.6
45015,SC,Berkeley,12.9,25.3,37.8
45017,SC,Calhoun,14.1,29.1,40.7
45019,SC,Charleston,10.5,20.3,29.9
45021,SC,Cherokee,17.3,31.4,38.8
45023,SC,Chester,17.8,32.8,37.9
45025,SC,Chesterfield,18.4,34.6,45.2
45027,SC,Clarendon,18.0,33.7,38.0
45029,SC,Colleton,18.0,33.2,39.1
45031,SC,Darlington,16.9,30.3,45.6
45033,SC,Dillon,21.0,34.6,45.3
45035,SC,Dorchester,13.2,24.0,35.0
45037,SC,Edgefield,16.4,27.7,39.7
45039,SC,Fairfield,17.2,33.4,45.6
45041,SC,Florence,15.2,29.1,40.7
45043,SC,Georgetown,12.7,25.2,31.8
45045,SC,Greenville,11.3,23.2,32.5
45047,SC,Greenwood,15.7,28.5,36.8
45049,SC,Hampton,19.4,35.1,41.6
45051,SC,Horry,14.6,25.0,32.4
45053,SC,Jasper,14.0,28.7,35.0
45055,SC,Kershaw,14.6,26.1,36.3
45057,SC,Lancaster,12.8,26.5,35.8
45059,SC,Laurens,16.8,30.6,36.3
45061,SC,Lee,19.3,34.7,43.7
45063,SC,Lexington,13.0,25.9,36.2
45065,SC,McCormick,15.9,30.6,36.9
45067,SC,Marion,20.7,34.9,45.2
45069,SC,Marlboro,21.0,37.3,40.9
45071,SC,Newberry,15.3,30.8,38.6
45073,SC,Oconee,14.7,28.6,38.2
45075,SC,Orangeburg,17.5,32.5,43.1
45077,SC,Pickens,15.1,25.8,35.4
45079,SC,Richland,11.2,21.7,34.7
45081,SC,Saluda,15.9,30.4,43.6
45083,SC,Spartanburg,14.4,26.8,37.9
45085,SC,Sumter,15.0,26.5,43.2
45087,SC,Union,19.7,31.9,44.0
45089,SC,Williamsburg,18.1,34.9,45.0
45091,SC,York,11.3,23.3,37.3
46003,SD,Aurora,15.4,23.7,36.4
46005,SD,Beadle,17.2,28.5,35.4
46007,SD,Bennett,29.0,35.1,43.1
46009,SD,Bon Homme,17.7,25.2,37.0
46011,SD,Brookings,12.9,18.4,35.7
46013,SD,Brown,14.1,24.4,35.1
46015,SD,Brule,16.4,24.4,38.5
46017,SD,Buffalo,32.1,37.6,48.5
46019,SD,Butte,17.3,27.7,35.8
46021,SD,Campbell,14.7,25.7,33.7
46023,SD,Charles Mix,20.4,30.0,41.0
46025,SD,Clark,17.1,24.9,34.1
46027,SD,Clay,15.8,24.3,34.7
46029,SD,Codington,16.8,26.5,35.9
46031,SD,Corson,30.8,37.1,44.3
46033,SD,Custer,13.9,25.1,33.6
46035,SD,Davison,15.6,23.9,38.0
46037,SD,Day,17.7,26.8,34.8
46039,SD,Deuel,14.8,22.1,33.3
46041,SD,Dewey,29.5,36.3,43.6
46043,SD,Douglas,15.8,26.3,35.9
46045,SD,Edmunds,14.7,23.1,33.7
46047,SD,Fall River,18.1,27.2,38.0
46049,SD,Faulk,18.3,27.8,36.8
46051,SD,Grant,14.7,26.5,37.3
46053,SD,Gregory,16.2,24.2,36.6
46055,SD,Haakon,15.7,26.8,34.4
46057,SD,Hamlin,15.2,23.2,34.6
46059,SD,Hand,13.9,20.5,34.4
46061,SD,Hanson,16.6,23.5,36.6
46063,SD,Harding,13.3,19.8,35.3
46065,SD,Hughes,13.7,20.9,33.9
46067,SD,Hutchinson,15.2,24.0,34.4
46069,SD,Hyde,17.4,24.0,35.8
46071,SD,Jackson,28.5,34.6,40.9
46073,SD,Jerauld,15.5,23.0,35.9
46075,SD,Jones,17.1,24.3,35.5
46077,SD,Kingsbury,14.7,24.6,35.6
46079,SD,Lake,14.1,21.1,33.2
46081,SD,Lawrence,14.9,22.1,33.1
46083,SD,Lincoln,11.6,17.3,34.8
46085,SD,Lyman,22.4,28.9,40.7
46087,SD,McCook,14.1,22.9,35.9
46089,SD,McPherson,17.8,29.2,34.9
46091,SD,Marshall,15.2,24.7,35.9
46093,SD,Meade,14.6,21.4,30.4
46095,SD,Mellette,30.2,38.5,45.6
46097,SD,Miner,16.9,26.6,36.2
46099,SD,Minnehaha,14.1,23.2,37.4
46101,SD,Moody,14.5,22.2,33.6
46102,SD,Oglala Lakota,39.8,40.1,47.0
46103,SD,Pennington,15.0,22.3,33.7
46105,SD,Perkins,16.0,26.6,36.0
46107,SD,Potter,14.7,24.3,35.3
46109,SD,Roberts,21.5,29.8,43.5
46111,SD,Sanborn,16.2,23.6,36.0
46115,SD,Spink,15.1,23.2,36.2
46117,SD,Stanley,13.4,20.0,35.2
46119,SD,Sully,13.7,21.2,34.7
46121,SD,Todd,37.2,40.8,50.2
46123,SD,Tripp,18.9,29.4,37.0
46125,SD,Turner,15.0,22.6,34.0
46127,SD,Union,13.0,19.9,31.0
46129,SD,Walworth,15.7,23.1,34.7
46135,SD,Yankton,14.5,23.0,38.8
46137,SD,Ziebach,30.4,37.8,47.2
47001,TN,Anderson,18.9,27.4,42.0
47003,TN,Bedford,19.5,29.6,44.4
47005,TN,Benton,22.4,33.8,40.8
47007,TN,Bledsoe,25.5,34.7,41.3
47009,TN,Blount,17.0,25.8,36.1
47011,TN,Bradley,17.6,25.0,41.5
47013,TN,Campbell,22.8,30.4,42.6
47015,TN,Cannon,20.9,29.5,43.1
47017,TN,Carroll,19.8,30.3,43.1
47019,TN,Carter,21.2,29.4,38.0
47021,TN,Cheatham,17.1,24.6,38.7
47023,TN,Chester,20.6,28.1,39.0
47025,TN,Claiborne,21.5,28.9,42.3
47027,TN,Clay,24.1,34.2,39.9
47029,TN,Cocke,24.2,33.3,39.8
47031,TN,Coffee,19.9,28.3,39.5
47033,TN,Crockett,19.5,29.4,42.1
47035,TN,Cumberland,19.4,29.7,39.5
47037,TN,Davidson,14.2,25.1,32.5
47039,TN,Decatur,24.3,31.1,42.8
47041,TN,DeKalb,22.3,32.2,39.9
47043,TN,Dickson,17.9,27.1,37.6
47045,TN,Dyer,20.5,29.3,39.4
47047,TN,Fayette,16.5,24.8,38.7
47049,TN,Fentress,23.0,32.6,44.5
47051,TN,Franklin,18.8,27.7,35.8
47053,TN,Gibson,20.3,28.5,39.4
47055,TN,Giles,19.5,27.0,39.9
47057,TN,Grainger,21.3,28.8,41.2
47059,TN,Greene,21.3,29.3,40.6
47061,TN,Grundy,24.7,33.0,40.4
47063,TN,Hamblen,21.1,31.1,40.5
47065,TN,Hamilton,15.7,22.4,34.5
47067,TN,Hancock,29.4,39.0,43.0
47069,TN,Hardeman,22.6,33.0,43.8
47071,TN,Hardin,23.5,30.7,38.1
47073,TN,Hawkins,21.2,29.5,40.7
47075,TN,Haywood,23.4,38.7,46.6
47077,TN,Henderson,21.5,29.5,38.6
47079,TN,Henry,21.6,29.9,38.2
47081,TN,Hickman,20.9,29.7,38.1
47083,TN,Houston,20.5,30.1,39.2
47085,TN,Humphreys,20.9,27.8,41.2
47087,TN,Jackson,23.6,33.0,39.4
47089,TN,Jefferson,18.1,25.4,37.2
47091,TN,Johnson,23.6,31.3,40.0
47093,TN,Knox,15.7,23.3,33.5
47095,TN,Lake,29.4,39.0,47.3
47097,TN,Lauderdale,23.4,34.5,47.2
47099,TN,Lawrence,21.4,30.5,41.3
47101,TN,Lewis,21.3,28.0,39.1
47103,TN,Lincoln,19.3,27.0,40.3
47105,TN,Loudon,16.7,24.6,36.4
47107,TN,McMinn,19.7,28.4,46.8
47109,TN,McNairy,22.5,29.4,39.3
47111,TN,Macon,22.7,30.9,42.6
47113,TN,Madison,18.4,30.4,43.8
47115,TN,Marion,21.7,31.1,40.2
47117,TN,Marshall,18.7,27.2,39.5
47119,TN,Maury,16.4,23.8,34.8
47121,TN,Meigs,22.6,29.0,40.4
47123,TN,Monroe,22.2,31.9,39.1
47125,TN,Montgomery,15.6,24.5,38.4
47127,TN,Moore,18.8,26.5,38.4
47129,TN,Morgan,22.4,29.1,43.0
47131,TN,Obion,21.1,32.2,40.2
47133,TN,Overton,22.7,28.9,40.6
47135,TN,Perry,24.0,31.5,39.8
47137,TN,Pickett,24.7,31.6,41.8
47139,TN,Polk,20.8,30.5,43.0
47141,TN,Putnam,17.6,25.5,37.5
47143,TN,Rhea,22.0,29.8,42.4
47145,TN,Roane,19.4,27.3,37.0
47147,TN,Robertson,17.7,27.2,36.4
47149,TN,Rutherford,14.6,22.9,37.9
47151,TN,Scott,26.7,34.0,43.4
47153,TN,Sequatchie,23.2,32.5,39.2
47155,TN,Sevier,19.0,27.2,38.1
47157,TN,Shelby,17.3,27.1,39.7
47159,TN,Smith,19.7,26.5,39.1
47161,TN,Stewart,18.7,27.6,37.7
47163,TN,Sullivan,19.7,27.2,37.7
47165,TN,Sumner,15.3,23.6,40.2
47167,TN,Tipton,19.0,28.0,44.1
47169,TN,Trousdale,20.8,27.9,39.1
47171,TN,Unicoi,21.9,29.7,39.3
47173,TN,Union,21.3,29.5,39.7
47175,TN,Van Buren,21.6,31.0,38.7
47177,TN,Warren,21.6,30.6,42.0
47179,TN,Washington,17.9,24.7,35.5
47181,TN,Wayne,23.2,31.5,40.5
47183,TN,Weakley,19.0,28.8,39.1
47185,TN,White,22.1,32.1,39.7
47187,TN,Williamson,10.4,17.3,28.7
47189,TN,Wilson,14.4,21.8,31.2
48001,TX,Anderson,17.2,30.1,39.9
48003,TX,Andrews,14.4,31.5,36.7
48005,TX,Angelina,17.1,32.5,41.0
48007,TX,Aransas,14.6,27.6,36.0
48009,TX,Archer,14.6,26.5,34.9
48011,TX,Armstrong,12.8,22.8,33.3
48013,TX,Atascosa,13.8,35.0,42.2
48015,TX,Austin,14.9,28.6,37.5
48017,TX,Bailey,14.9,36.0,38.8
48019,TX,Bandera,14.2,29.7,35.4
48021,TX,Bastrop,14.0,30.8,40.1
48023,TX,Baylor,16.2,30.8,36.1
48025,TX,Bee,15.0,32.9,39.2
48027,TX,Bell,13.6,29.8,43.2
48029,TX,Bexar,12.2,30.6,34.1
48031,TX,Blanco,11.5,24.1,34.3
48033,TX,Borden,12.8,25.5,33.0
48035,TX,Bosque,14.7,28.2,36.1
48037,TX,Bowie,16.0,29.1,36.7
48039,TX,Brazoria,11.3,25.4,35.8
48041,TX,Brazos,11.7,26.9,32.8
48043,TX,Brewster,10.3,23.8,33.6
48045,TX,Briscoe,16.8,31.9,39.8
48047,TX,Brooks,15.4,42.0,43.2
48049,TX,Brown,15.3,30.1,34.9
48051,TX,Burleson,14.1,28.7,35.8
48053,TX,Burnet,13.5,25.0,35.3
48055,TX,Caldwell,14.6,33.0,42.4
48057,TX,Calhoun,13.3,31.3,34.8
48059,TX,Callahan,14.8,24.8,36.2
48061,TX,Cameron,13.6,36.8,41.0
48063,TX,Camp,17.2,32.7,40.0
48065,TX,Carson,13.1,22.6,34.0
48067,TX,Cass,17.2,30.8,39.3
48069,TX,Castro,13.3,34.2,38.2
48071,TX,Chambers,13.4,25.1,34.6
48073,TX,Cherokee,16.9,30.7,35.9
48075,TX,Childress,14.7,29.6,37.3
48077,TX,Clay,14.7,24.2,34.9
48079,TX,Cochran,19.4,41.0,42.6
48081,TX,Coke,15.3,31.7,37.0
48083,TX,Coleman,16.0,29.8,37.2
48085,TX,Collin,9.3,19.9,31.6
48087,TX,Collingsworth,16.5,30.8,39.3
48089,TX,Colorado,14.1,28.1,36.7
48091,TX,Comal,10.4,20.8,34.5
48093,TX,Comanche,15.1,28.5,36.7
48095,TX,Concho,16.3,32.0,37.1
48097,TX,Cooke,14.8,26.5,36.1
48099,TX,Coryell,14.1,27.8,37.3
48101,TX,Cottle,17.6,32.8,40.5
48103,TX,Crane,14.5,35.9,40.0
48105,TX,Crockett,14.4,33.8,37.6
48107,TX,Crosby,15.9,37.0,41.0
48109,TX,Culberson,16.9,40.8,40.8
48111,TX,Dallam,17.0,35.8,39.6
48113,TX,Dallas,12.5,30.8,35.7
48115,TX,Dawson,17.6,36.8,39.4
48117,TX,Deaf Smith,16.1,39.9,40.7
48119,TX,Delta,16.2,28.3,37.1
48121,TX,Denton,9.5,21.2,33.7
48123,TX,DeWitt,16.1,33.0,37.6
48125,TX,Dickens,15.9,32.5,37.5
48127,TX,Dimmit,19.9,49.5,46.8
48129,TX,Donley,14.3,28.8,34.2
48131,TX,Duval,14.8,41.1,42.2
48133,TX,Eastland,15.6,29.8,35.5
48135,TX,Ector,14.2,32.5,40.1
48137,TX,Edwards,15.6,36.4,38.9
48139,TX,Ellis,12.6,25.8,36.9
48141,TX,El Paso,12.5,33.4,34.4
48143,TX,Erath,14.5,25.1,33.4
48145,TX,Falls,17.4,32.6,40.3
48147,TX,Fannin,16.7,29.1,39.2
48149,TX,Fayette,12.9,24.3,34.4
48151,TX,Fisher,13.4,26.5,36.1
48153,TX,Floyd,15.2,36.5,39.1
48155,TX,Foard,18.0,32.6,40.1
48157,TX,Fort Bend,9.5,24.0,30.1
48159,TX,Franklin,13.5,25.5,35.3
48161,TX,Freestone,16.2,28.4,38.2
48163,TX,Frio,15.0,38.6,41.5
48165,TX,Gaines,16.4,31.8,36.1
48167,TX,Galveston,12.3,24.8,33.8
48169,TX,Garza,16.9,35.9,39.9
48171,TX,Gillespie,11.9,23.1,33.7
48173,TX,Glasscock,10.8,23.3,34.0
48175,TX,Goliad,14.2,30.4,37.1
48177,TX,Gonzales,16.1,35.8,39.8
48179,TX,Gray,16.5,31.6,38.5
48181,TX,Grayson,14.6,27.4,33.9
48183,TX,Gregg,15.3,28.7,37.2
48185,TX,Grimes,15.7,29.0,37.1
48187,TX,Guadalupe,12.5,25.9,34.4
48189,TX,Hale,16.1,36.1,38.9
48191,TX,Hall,16.3,32.5,39.1
48193,TX,Hamilton,15.3,30.0,36.6
48195,TX,Hansford,13.6,30.5,36.8
48197,TX,Hardeman,16.5,31.2,37.6
48199,TX,Hardin,15.7,25.7,34.0
48201,TX,Harris,12.6,26.9,37.1
48203,TX,Harrison,15.7,29.5,39.2
48205,TX,Hartley,13.4,25.9,34.3
48207,TX,Haskell,16.3,32.1,36.9
48209,TX,Hays,10.8,23.9,35.3
48211,TX,Hemphill,11.7,25.5,32.7
48213,TX,Henderson,16.6,30.1,35.6
48215,TX,Hidalgo,13.3,37.5,45.0
48217,TX,Hill,15.6,29.0,37.0
48219,TX,Hockley,14.5,32.0,36.1
48221,TX,Hood,12.0,24.7,33.4
48223,TX,Hopkins,15.9,29.6,37.7
48225,TX,Houston,18.1,31.7,38.2
48227,TX,Howard,15.1,32.1,38.2
48229,TX,Hudspeth,18.7,38.5,41.0
48231,TX,Hunt,15.4,27.7,36.9
48233,TX,Hutchinson,14.8,28.2,35.1
48235,TX,Irion,13.0,26.7,35.1
48237,TX,Jack,17.5,29.5,37.9
48239,TX,Jackson,15.0,30.2,38.1
48241,TX,Jasper,18.9,31.6,41.2
48243,TX,Jeff Davis,14.4,34.2,38.0
48245,TX,Jefferson,16.1,31.3,41.2
48247,TX,Jim Hogg,17.2,46.6,45.7
48249,TX,Jim Wells,14.9,39.4,40.6
48251,TX,Johnson,14.4,26.7,33.4
48253,TX,Jones,17.3,30.7,38.8
48255,TX,Karnes,16.2,34.5,39.3
48257,TX,Kaufman,14.0,27.6,38.0
48259,TX,Kendall,10.0,21.2,34.3
48261,TX,Kenedy,15.5,40.2,37.9
48263,TX,Kent,11.5,22.4,32.5
48265,TX,Kerr,12.4,28.0,34.4
48267,TX,Kimble,14.8,28.7,37.5
48269,TX,King,17.5,29.1,37.8
48271,TX,Kinney,12.2,30.5,38.4
48273,TX,Kleberg,12.1,33.9,40.0
48275,TX,Knox,15.6,32.4,38.0
48277,TX,Lamar,16.7,30.1,38.5
48279,TX,Lamb,15.2,34.9,40.4
48281,TX,Lampasas,14.2,26.1,34.8
48283,TX,La Salle,17.0,39.8,40.9
48285,TX,Lavaca,15.1,27.4,36.8
48287,TX,Lee,16.4,30.4,39.8
48289,TX,Leon,16.5,30.5,36.2
48291,TX,Liberty,17.8,34.8,40.0
48293,TX,Limestone,17.0,31.2,39.9
48295,TX,Lipscomb,14.7,29.2,36.7
48297,TX,Live Oak,16.8,33.7,39.7
48299,TX,Llano,12.5,28.1,36.7
48303,TX,Lubbock,12.6,28.6,37.1
48305,TX,Lynn,16.0,32.5,38.6
48307,TX,McCulloch,15.7,32.1,36.4
48309,TX,McLennan,13.5,28.1,36.1
48311,TX,McMullen,15.9,33.2,38.6
48313,TX,Madison,17.1,31.5,38.0
48315,TX,Marion,18.5,30.0,39.1
48317,TX,Martin,14.0,29.3,35.6
48319,TX,Mason,11.5,26.8,33.5
48321,TX,Matagorda,15.3,32.7,39.5
48323,TX,Maverick,14.8,41.7,44.6
48325,TX,Medina,12.7,30.5,39.5
48327,TX,Menard,15.0,33.3,37.6
48329,TX,Midland,12.0,27.0,35.9
48331,TX,Milam,15.7,29.5,37.3
48333,TX,Mills,13.7,24.3,33.0
48335,TX,Mitchell,16.7,31.8,39.1
48337,TX,Montague,15.7,28.4,35.0
48339,TX,Montgomery,11.6,23.5,31.4
48341,TX,Moore,15.7,35.9,39.0
48343,TX,Morris,17.2,29.7,39.0
48345,TX,Motley,14.4,28.8,35.2
48347,TX,Nacogdoches,14.9,29.8,35.4
48349,TX,Navarro,17.1,32.9,38.1
48351,TX,Newton,22.2,34.6,42.6
48353,TX,Nolan,17.7,35.8,40.5
48355,TX,Nueces,13.4,31.8,40.0
48357,TX,Ochiltree,15.2,33.4,39.6
48359,TX,Oldham,14.9,27.4,36.1
48361,TX,Orange,15.8,26.7,38.4
48363,TX,Palo Pinto,16.7,30.7,39.4
48365,TX,Panola,15.6,27.3,37.4
48367,TX,Parker,12.7,22.6,35.5
48369,TX,Parmer,13.4,33.2,37.4
48371,TX,Pecos,15.7,37.4,40.2
48373,TX,Polk,18.9,31.1,39.2
48375,TX,Potter,17.3,34.6,42.0
48377,TX,Presidio,16.2,43.7,41.0
48379,TX,Rains,14.6,25.3,35.6
48381,TX,Randall,12.0,23.5,35.1
48383,TX,Reagan,13.1,32.9,38.7
48385,TX,Real,16.4,34.6,38.4
48387,TX,Red River,18.4,32.5,38.5
48389,TX,Reeves,15.9,41.6,41.0
48391,TX,Refugio,15.0,35.9,40.1
48393,TX,Roberts,12.4,21.9,33.7
48395,TX,Robertson,15.7,29.7,37.9
48397,TX,Rockwall,10.0,20.4,35.1
48399,TX,Runnels,14.3,31.0,35.9
48401,TX,Rusk,16.3,29.0,37.5
48403,TX,Sabine,16.2,30.7,35.8
48405,TX,San Augustine,22.9,39.2,43.5
48407,TX,San Jacinto,17.5,30.5,39.1
48409,TX,San Patricio,14.4,34.6,41.3
48411,TX,San Saba,16.1,30.9,37.0
48413,TX,Schleicher,12.3,29.1,36.4
48415,TX,Scurry,14.6,30.5,38.1
48417,TX,Shackelford,12.8,22.5,33.8
48419,TX,Shelby,18.9,35.2,41.3
48421,TX,Sherman,12.3,28.5,35.7
48423,TX,Smith,14.0,27.0,37.5
48425,TX,Somervell,13.4,25.7,33.9
48427,TX,Starr,16.9,47.6,45.8
48429,TX,Stephens,16.3,29.9,36.3
48431,TX,Sterling,11.2,23.2,33.2
48433,TX,Stonewall,15.0,29.1,35.8
48435,TX,Sutton,14.4,35.8,38.3
48437,TX,Swisher,18.3,36.5,40.5
48439,TX,Tarrant,12.6,27.8,33.1
48441,TX,Taylor,12.9,26.1,35.7
48443,TX,Terrell,10.0,26.8,33.8
48445,TX,Terry,17.1,36.8,40.7
48447,TX,Throckmorton,15.9,26.9,35.5
48449,TX,Titus,16.9,35.1,38.8
48451,TX,Tom Green,13.3,28.6,36.8
48453,TX,Travis,9.3,20.3,30.1
48455,TX,Trinity,17.4,29.1,37.8
48457,TX,Tyler,19.3,31.6,38.7
48459,TX,Upshur,16.8,28.2,37.3
48461,TX,Upton,17.0,36.3,40.9
48463,TX,Uvalde,13.8,34.1,41.0
48465,TX,Val Verde,13.7,36.4,37.8
48467,TX,Van Zandt,15.6,27.0,35.9
48469,TX,Victoria,13.9,30.9,37.2
48471,TX,Walker,16.2,29.7,40.6
48473,TX,Waller,12.2,26.9,38.6
48475,TX,Ward,14.5,33.6,37.8
48477,TX,Washington,12.1,26.5,35.7
48479,TX,Webb,13.1,40.0,42.8
48481,TX,Wharton,14.2,31.1,40.5
48483,TX,Wheeler,16.0,29.2,37.2
48485,TX,Wichita,15.3,27.0,36.2
48487,TX,Wilbarger,18.2,34.7,39.6
48489,TX,Willacy,16.4,44.1,43.2
48491,TX,Williamson,9.6,22.5,32.1
48493,TX,Wilson,12.4,26.6,34.9
48495,TX,Winkler,14.1,33.2,37.6
48497,TX,Wise,14.6,25.9,34.1
48499,TX,Wood,14.8,26.2,34.3
48501,TX,Yoakum,13.3,32.2,38.2
48503,TX,Young,14.5,27.0,37.1
48505,TX,Zapata,17.8,47.1,43.7
48507,TX,Zavala,18.0,48.4,48.2
49001,UT,Beaver,9.3,19.3,28.5
49003,UT,Box Elder,9.8,19.4,32.7
49005,UT,Cache,8.1,16.9,27.9
49007,UT,Carbon,12.3,21.9,35.1
49009,UT,Daggett,11.0,20.5,32.8
49011,UT,Davis,7.4,17.2,32.7
49013,UT,Duchesne,11.8,23.8,31.6
49015,UT,Emery,11.0,19.3,30.6
49017,UT,Garfield,9.8,19.5,28.9
49019,UT,Grand,10.2,19.2,28.2
49021,UT,Iron,10.8,18.9,35.3
49023,UT,Juab,10.6,18.8,32.9
49025,UT,Kane,9.3,19.5,33.4
49027,UT,Millard,10.8,22.5,34.5
49029,UT,Morgan,7.6,14.9,25.1
49031,UT,Piute,12.3,26.0,33.0
49033,UT,Rich,10.5,18.2,33.0
49035,UT,Salt Lake,8.2,18.9,29.9
49037,UT,San Juan,15.7,25.1,34.4
49039,UT,Sanpete,11.9,20.5,29.2
49041,UT,Sevier,10.6,21.0,36.4
49043,UT,Summit,6.6,14.3,19.3
49045,UT,Tooele,9.5,20.8,37.3
49047,UT,Uintah,12.5,21.4,35.5
49049,UT,Utah,7.0,15.6,31.6
49051,UT,Wasatch,7.3,16.8,24.3
49053,UT,Washington,8.7,15.9,33.1
49055,UT,Wayne,11.1,20.5,34.3
49057,UT,Weber,9.1,20.5,34.8
50001,VT,Addison,9.9,17.0,28.1
50003,VT,Bennington,12.6,20.0,30.8
50005,VT,Caledonia,13.7,22.3,31.3
50007,VT,Chittenden,8.5,14.1,22.7
50009,VT,Essex,17.0,27.0,34.2
50011,VT,Franklin,13.0,21.5,36.4
50013,VT,Grand Isle,11.4,17.1,30.7
50015,VT,Lamoille,11.9,18.3,28.9
50017,VT,Orange,12.4,20.5,32.6
50019,VT,Orleans,13.9,23.5,33.0
50021,VT,Rutland,12.9,20.4,35.5
50023,VT,Washington,11.5,18.3,27.1
50025,VT,Windham,12.7,18.1,25.9
50027,VT,Windsor,11.1,17.7,28.8
51001,VA,Accomack,16.5,33.4,40.0
51003,VA,Albemarle,9.6,18.6,28.2
51005,VA,Alleghany,17.5,28.4,39.0
51007,VA,Amelia,17.7,28.2,38.8
51009,VA,Amherst,16.3,27.1,39.6
51011,VA,Appomattox,16.2,26.4,38.8
51013,VA,Arlington,7.0,15.1,25.2
51015,VA,Augusta,15.0,25.7,40.8
51017,VA,Bath,19.3,29.5,38.8
51019,VA,Bedford,13.2,24.4,36.7
51021,VA,Bland,16.4,24.3,36.5
51023,VA,Botetourt,13.0,21.8,35.1
51025,VA,Brunswick,17.9,33.9,43.4
51027,VA,Buchanan,22.2,34.4,38.8
51029,VA,Buckingham,18.5,29.2,43.1
51031,VA,Campbell,15.3,27.0,35.6
51033,VA,Caroline,15.2,26.8,41.9
51035,VA,Carroll,17.9,27.7,41.3
51036,VA,Charles City,17.1,31.9,41.6
51037,VA,Charlotte,19.8,33.5,42.5
51041,VA,Chesterfield,11.4,22.6,36.4
51043,VA,Clarke,11.7,21.0,32.6
51045,VA,Craig,16.1,24.0,36.5
51047,VA,Culpeper,13.8,25.9,38.2
51049,VA,Cumberland,15.4,26.3,39.4
51051,VA,Dickenson,20.6,34.0,39.0
51053,VA,Dinwiddie,14.7,27.9,40.1
51057,VA,Essex,17.4,31.2,42.6
51059,VA,Fairfax,8.0,18.9,24.0
51061,VA,Fauquier,11.5,20.1,32.7
51063,VA,Floyd,15.0,26.2,32.7
51065,VA,Fluvanna,12.5,22.9,39.1
51067,VA,Franklin,15.0,25.1,34.8
51069,VA,Frederick,13.0,24.1,37.5
51071,VA,Giles,16.0,24.9,36.0
51073,VA,Gloucester,13.6,23.8,35.4
51075,VA,Goochland,10.1,20.9,33.0
51077,VA,Grayson,19.8,33.9,41.2
51079,VA,Greene,14.2,24.5,37.8
51081,VA,Greensville,19.2,31.6,45.3
51083,VA,Halifax,19.5,30.9,40.6
51085,VA,Hanover,11.8,20.1,32.7
51087,VA,Henrico,11.4,20.6,32.5
51089,VA,Henry,17.8,30.4,42.2
51091,VA,Highland,12.8,25.6,33.4
51093,VA,Isle of Wight,13.3,24.0,36.1
51095,VA,James City,9.7,21.1,32.1
51097,VA,King and Queen,16.8,29.8,40.3
51099,VA,King George,13.1,22.5,35.5
51101,VA,King William,13.8,22.8,34.9
51103,VA,Lancaster,14.9,25.2,36.5
51105,VA,Lee,21.2,31.8,42.2
51107,VA,Loudoun,8.0,19.0,28.1
51109,VA,Louisa,14.9,23.7,36.1
51111,VA,Lunenburg,18.9,31.3,45.8
51113,VA,Madison,14.1,25.6,37.7
51115,VA,Mathews,14.1,22.8,35.3
51117,VA,Mecklenburg,16.3,31.3,41.5
51119,VA,Middlesex,14.3,23.6,38.3
51121,VA,Montgomery,14.2,21.4,28.0
51125,VA,Nelson,13.7,24.4,35.2
51127,VA,New Kent,12.3,21.5,34.4
51131,VA,Northampton,14.4,31.2,39.5
51133,VA,Northumberland,13.2,22.8,36.0
51135,VA,Nottoway,18.2,29.7,43.4
51137,VA,Orange,13.9,25.0,37.1
51139,VA,Page,17.0,26.9,34.6
51141,VA,Patrick,17.2,27.1,39.8
51143,VA,Pittsylvania,18.1,30.6,41.6
51145,VA,Powhatan,12.6,20.9,36.4
51147,VA,Prince Edward,14.6,27.7,41.3
51149,VA,Prince George,14.7,24.9,39.7
51153,VA,Prince William,10.9,23.0,33.7
51155,VA,Pulaski,15.7,25.8,35.7
51157,VA,Rappahannock,14.2,25.3,35.2
51159,VA,Richmond,17.3,28.3,37.4
51161,VA,Roanoke,11.9,22.7,34.4
51163,VA,Rockbridge,14.6,23.4,34.3
51165,VA,Rockingham,13.9,25.9,33.1
51167,VA,Russell,19.5,31.3,39.3
51169,VA,Scott,19.4,31.4,38.3
51171,VA,Shenandoah,15.9,28.8,36.3
51173,VA,Smyth,18.3,28.4,38.0
51175,VA,Southampton,15.2,25.1,38.4
51177,VA,Spotsylvania,12.8,23.9,40.0
51179,VA,Stafford,11.0,22.0,35.2
51181,VA,Surry,14.4,26.5,39.9
51183,VA,Sussex,17.1,29.9,45.5
51185,VA,Tazewell,18.1,31.0,40.5
51187,VA,Warren,15.0,25.7,37.7
51191,VA,Washington,14.8,24.7,38.4
51193,VA,Westmoreland,17.1,30.2,41.2
51195,VA,Wise,19.4,31.4,43.5
51197,VA,Wythe,16.7,26.1,38.8
51199,VA,York,10.0,19.2,31.5
51510,VA,Alexandria,8.6,19.4,32.0
51520,VA,Bristol,17.8,27.6,39.2
51530,VA,Buena Vista,17.8,27.8,37.0
51540,VA,Charlottesville,11.1,23.1,35.2
51550,VA,Chesapeake,12.4,22.2,39.6
51570,VA,Colonial Heights,13.1,24.0,37.7
51580,VA,Covington,20.5,32.9,40.7
51590,VA,Danville,20.0,34.0,41.7
51595,VA,Emporia,18.6,34.7,44.9
51600,VA,Fairfax,9.2,20.4,31.8
51610,VA,Falls Church,6.7,15.3,29.1
51620,VA,Franklin,17.5,31.2,43.8
51630,VA,Fredericksburg,11.7,22.8,39.5
51640,VA,Galax,19.2,31.8,39.4
51650,VA,Hampton,14.6,26.1,40.9
51660,VA,Harrisonburg,13.2,25.9,34.0
51670,VA,Hopewell,20.5,35.6,45.8
51678,VA,Lexington,13.2,22.8,29.1
51680,VA,Lynchburg,14.9,23.6,36.4
51683,VA,Manassas,12.0,26.2,35.3
51685,VA,Manassas Park,13.8,31.0,38.0
51690,VA,Martinsville,19.1,34.0,44.9
51700,VA,Newport News,14.1,28.1,40.8
51710,VA,Norfolk,13.7,27.1,40.3
51720,VA,Norton,20.1,30.2,40.8
51730,VA,Petersburg,17.3,33.2,46.6
51735,VA,Poquoson,11.2,19.1,33.2
51740,VA,Portsmouth,16.4,29.7,40.8
51750,VA,Radford,18.5,29.0,34.4
51760,VA,Richmond,14.2,25.9,38.3
51770,VA,Roanoke,16.7,30.0,41.9
51775,VA,Salem,13.9,24.0,36.2
51790,VA,Staunton,13.5,25.1,36.6
51800,VA,Suffolk,13.2,25.9,42.5
51810,VA,Virginia Beach,11.9,21.7,36.6
51820,VA,Waynesboro,15.4,26.3,38.6
51830,VA,Williamsburg,9.7,23.5,37.2
51840,VA,Winchester,16.3,28.5,38.3
53001,WA,Adams,14.0,29.8,38.3
53003,WA,Asotin,13.3,19.5,35.3
53005,WA,Benton,10.4,20.6,36.2
53007,WA,Chelan,11.7,19.5,29.1
53009,WA,Clallam,11.8,20.3,31.3
53011,WA,Clark,11.0,19.8,35.3
53013,WA,Columbia,12.6,20.6,32.4
53015,WA,Cowlitz,13.7,22.5,40.3
53017,WA,Douglas,11.7,22.3,36.1
53019,WA,Ferry,16.7,25.1,40.2
53021,WA,Franklin,12.1,24.9,35.4
53023,WA,Garfield,11.4,17.9,31.0
53025,WA,Grant,13.0,25.3,38.7
53027,WA,Grays Harbor,15.0,23.8,37.0
53029,WA,Island,10.2,14.7,31.3
53031,WA,Jefferson,9.5,17.4,29.1
53033,WA,King,7.1,13.8,22.4
53035,WA,Kitsap,10.4,16.0,31.8
53037,WA,Kittitas,11.1,19.4,34.7
53039,WA,Klickitat,12.4,18.8,32.7
53041,WA,Lewis,14.4,21.0,38.8
53043,WA,Lincoln,11.7,18.5,37.8
53045,WA,Mason,13.0,19.8,35.8
53047,WA,Okanogan,15.8,24.8,32.7
53049,WA,Pacific,13.1,22.2,36.4
53051,WA,Pend Oreille,14.0,23.1,38.6
53053,WA,Pierce,11.6,19.0,36.8
53055,WA,San Juan,9.5,13.6,24.8
53057,WA,Skagit,11.4,19.6,33.2
53059,WA,Skamania,12.2,17.5,32.8
53061,WA,Snohomish,10.1,17.8,30.1
53063,WA,Spokane,12.0,19.3,34.8
53065,WA,Stevens,14.0,19.6,34.1
53067,WA,Thurston,10.3,16.4,31.1
53069,WA,Wahkiakum,14.3,19.0,39.1
53071,WA,Walla Walla,11.9,19.0,35.4
53073,WA,Whatcom,10.8,16.5,26.5
53075,WA,Whitman,12.7,16.6,32.9
53077,WA,Yakima,12.9,27.9,40.2
54001,WV,Barbour,21.4,34.7,43.8
54003,WV,Berkeley,17.2,31.1,38.7
54005,WV,Boone,21.9,36.9,46.7
54007,WV,Braxton,24.1,35.6,41.3
54009,WV,Brooke,17.9,27.6,40.0
54011,WV,Cabell,19.4,30.4,44.1
54013,WV,Calhoun,26.2,37.8,40.4
54015,WV,Clay,24.3,39.1,41.6
54017,WV,Doddridge,21.5,32.6,41.0
54019,WV,Fayette,21.7,33.4,40.5
54021,WV,Gilmer,20.7,34.8,42.9
54023,WV,Grant,19.2,30.8,43.3
54025,WV,Greenbrier,21.4,32.4,40.4
54027,WV,Hampshire,20.7,31.2,38.8
54029,WV,Hancock,19.3,29.7,43.9
54031,WV,Hardy,21.6,36.3,41.5
54033,WV,Harrison,18.8,28.6,40.2
54035,WV,Jackson,20.1,32.2,42.5
54037,WV,Jefferson,15.1,25.3,37.9
54039,WV,Kanawha,19.6,30.4,40.3
54041,WV,Lewis,21.6,34.7,39.9
54043,WV,Lincoln,25.1,34.0,45.2
54045,WV,Logan,24.6,37.1,45.0
54047,WV,McDowell,28.7,45.0,46.1
54049,WV,Marion,17.7,29.8,42.1
54051,WV,Marshall,20.4,33.3,37.5
54053,WV,Mason,22.5,34.3,41.2
54055,WV,Mercer,21.1,32.9,40.8
54057,WV,Mineral,18.3,28.8,39.3
54059,WV,Mingo,27.6,44.0,43.5
54061,WV,Monongalia,15.6,22.9,34.2
54063,WV,Monroe,21.5,35.7,41.2
54065,WV,Morgan,19.4,30.6,39.2
54067,WV,Nicholas,21.3,32.4,40.3
54069,WV,Ohio,16.3,29.8,39.5
54071,WV,Pendleton,19.3,34.6,36.8
54073,WV,Pleasants,19.7,33.0,44.0
54075,WV,Pocahontas,23.2,37.9,40.6
54077,WV,Preston,20.8,30.2,37.3
54079,WV,Putnam,16.5,26.9,38.3
54081,WV,Raleigh,21.1,34.5,43.1
54083,WV,Randolph,20.8,31.4,46.2
54085,WV,Ritchie,23.3,38.3,42.4
54087,WV,Roane,24.6,39.6,41.6
54089,WV,Summers,23.4,38.9,39.8
54091,WV,Taylor,20.5,34.7,42.0
54093,WV,Tucker,19.1,30.0,39.0
54095,WV,Tyler,20.9,34.9,42.5
54097,WV,Upshur,22.1,33.2,37.1
54099,WV,Wayne,21.5,35.7,42.6
54101,WV,Webster,24.9,41.2,42.6
54103,WV,Wetzel,20.6,34.2,42.4
54105,WV,Wirt,21.4,33.1,42.8
54107,WV,Wood,19.5,33.1,43.5
54109,WV,Wyoming,25.2,37.4,44.6
55001,WI,Adams,18.3,33.7,40.3
55003,WI,Ashland,17.3,29.7,41.4
55005,WI,Barron,15.4,29.6,38.3
55007,WI,Bayfield,14.0,27.3,39.1
55009,WI,Brown,13.4,27.1,41.1
55011,WI,Buffalo,15.0,29.9,39.6
55013,WI,Burnett,17.0,28.2,38.8
55015,WI,Calumet,12.9,24.2,33.3
55017,WI,Chippewa,15.8,26.6,41.7
55019,WI,Clark,18.3,32.0,38.1
55021,WI,Columbia,14.4,26.2,33.6
55023,WI,Crawford,17.2,30.1,37.6
55025,WI,Dane,10.4,20.8,32.4
55027,WI,Dodge,15.0,28.4,42.8
55029,WI,Door,12.7,23.9,36.8
55031,WI,Douglas,14.3,27.2,41.0
55033,WI,Dunn,15.2,26.6,40.7
55035,WI,Eau Claire,13.8,24.4,30.0
55037,WI,Florence,14.5,25.9,36.8
55039,WI,Fond du Lac,14.8,27.7,43.8
55041,WI,Forest,20.6,32.4,46.0
55043,WI,Grant,16.5,30.8,40.9
55045,WI,Green,13.8,24.7,40.3
55047,WI,Green Lake,16.5,32.2,40.4
55049,WI,Iowa,13.9,26.5,38.2
55051,WI,Iron,15.6,26.6,34.7
55053,WI,Jackson,17.7,29.5,40.4
55055,WI,Jefferson,13.8,27.7,40.9
55057,WI,Juneau,18.8,32.2,41.7
55059,WI,Kenosha,14.7,26.7,40.1
55061,WI,Kewaunee,14.7,28.3,41.1
55063,WI,La Crosse,12.6,25.0,39.0
55065,WI,Lafayette,15.9,30.6,41.9
55067,WI,Langlade,17.2,30.1,37.1
55069,WI,Lincoln,16.0,30.2,42.1
55071,WI,Manitowoc,14.9,30.3,38.9
55073,WI,Marathon,14.3,27.9,36.3
55075,WI,Marinette,16.6,27.5,37.8
55077,WI,Marquette,17.4,32.9,43.0
55078,WI,Menominee,23.9,35.8,45.4
55079,WI,Milwaukee,14.9,27.8,38.6
55081,WI,Monroe,17.1,30.5,44.0
55083,WI,Oconto,15.8,29.8,42.0
55085,WI,Oneida,14.1,23.9,34.9
55087,WI,Outagamie,12.7,24.7,36.4
55089,WI,Ozaukee,10.3,20.5,30.3
55091,WI,Pepin,14.2,27.8,36.4
55093,WI,Pierce,13.9,24.7,33.2
55095,WI,Polk,14.5,24.8,35.2
55097,WI,Portage,12.8,24.4,36.5
55099,WI,Price,16.7,28.3,42.2
55101,WI,Racine,14.7,31.2,42.3
55103,WI,Richland,17.2,31.7,37.6
55105,WI,Rock,14.9,28.4,41.7
55107,WI,Rusk,18.2,28.5,40.9
55109,WI,St. Croix,12.6,23.1,35.5
55111,WI,Sauk,15.2,28.2,40.4
55113,WI,Sawyer,18.1,31.3,34.3
55115,WI,Shawano,17.1,27.8,40.2
55117,WI,Sheboygan,13.7,29.0,36.6
55119,WI,Taylor,16.3,29.7,44.3
55121,WI,Trempealeau,15.8,29.0,41.3
55123,WI,Vernon,16.6,27.5,38.7
55125,WI,Vilas,15.0,28.7,38.4
55127,WI,Walworth,13.6,25.2,38.4
55129,WI,Washburn,16.1,27.7,35.1
55131,WI,Washington,12.1,22.7,35.9
55133,WI,Waukesha,10.3,19.6,33.1
55135,WI,Waupaca,15.7,28.7,38.2
55137,WI,Waushara,16.5,32.0,39.7
55139,WI,Winnebago,14.8,27.7,40.6
55141,WI,Wood,15.5,28.2,40.0
56001,WY,Albany,12.9,17.5,27.0
56003,WY,Big Horn,15.7,28.0,33.8
56005,WY,Campbell,15.0,25.9,35.3
56007,WY,Carbon,15.6,30.5,38.3
56009,WY,Converse,15.4,25.1,37.3
56011,WY,Crook,13.7,24.5,32.1
56013,WY,Fremont,16.9,25.9,33.9
56015,WY,Goshen,13.9,27.0,36.8
56017,WY,Hot Springs,15.9,25.2,35.1
56019,WY,Johnson,14.7,25.7,35.6
56021,WY,Laramie,13.5,27.5,33.8
56023,WY,Lincoln,14.1,24.5,34.8
56025,WY,Natrona,14.9,26.3,36.4
56027,WY,Niobrara,16.1,30.2,36.6
56029,WY,Park,13.1,22.9,31.5
56031,WY,Platte,15.0,29.3,35.8
56033,WY,Sheridan,12.9,22.9,30.6
56035,WY,Sublette,12.8,24.3,33.3
56037,WY,Sweetwater,16.1,26.8,36.0
56039,WY,Teton,9.0,17.7,24.0
56041,WY,Uinta,14.9,25.9,34.4
56043,WY,Washakie,15.9,30.2,33.3
56045,WY,Weston,15.7,26.4,35.7
